0,0.039673,-0.088197,0.036851,0.050540,-0.051516,1.000642,0.149845,0.427607,-0.169244
1,-0.021363,-0.088197,0.036851,0.051028,-0.050296,1.003059,0.155327,0.433089,-0.167481
2,-0.082399,-0.027161,-0.085222,0.050051,-0.050540,1.000883,0.146190,0.423952,-0.172769
3,-0.143435,-0.088197,0.036851,0.050784,-0.050540,0.999675,0.142536,0.423952,-0.165718
4,-0.021363,0.033875,0.097887,0.052005,-0.050051,1.001850,0.151673,0.444054,-0.167481
5,0.039673,0.033875,0.036851,0.049807,-0.050540,0.999433,0.135226,0.434917,-0.162192
6,-0.021363,-0.088197,-0.024186,0.051272,-0.049807,1.001367,0.135226,0.434917,-0.162192
7,-0.082399,-0.027161,-0.024186,0.051516,-0.048831,0.999433,0.135226,0.434917,-0.162192
8,-0.021363,-0.027161,-0.024186,0.050540,-0.050540,1.001850,0.137054,0.440399,-0.142799
9,0.039673,-0.027161,-0.024186,0.050540,-0.049075,0.999433,0.138881,0.431262,-0.176295
10,-0.021363,-0.027161,0.036851,0.051028,-0.049563,0.998466,0.153500,0.445881,-0.162192
11,-0.082399,-0.027161,0.036851,0.051028,-0.050784,1.001850,0.149845,0.438571,-0.162192
12,-0.021363,-0.027161,0.097887,0.050784,-0.050296,1.000400,0.148018,0.436744,-0.167481
13,-0.021363,-0.027161,0.036851,0.050784,-0.050784,1.002576,0.166292,0.440399,-0.167481
14,-0.021363,-0.088197,0.036851,0.050296,-0.049563,1.000400,0.153500,0.431262,-0.151614
15,-0.021363,-0.027161,-0.024186,0.050784,-0.050051,1.002817,0.149845,0.434917,-0.162192
16,-0.021363,-0.027161,0.036851,0.050051,-0.049563,1.000158,0.151673,0.440399,-0.167481
18,-0.082399,-0.027161,-0.024186,0.049075,-0.051516,1.000400,0.151673,0.440399,-0.167481
19,0.039673,-0.027161,-0.085222,0.049319,-0.050051,1.002334,0.142536,0.434917,-0.169244
20,-0.021363,0.033875,0.036851,0.049563,-0.049807,1.004751,0.148018,0.433089,-0.156903
21,0.039673,0.033875,-0.024186,0.050296,-0.049563,0.997741,0.158982,0.425780,-0.163955
22,-0.082399,-0.088197,0.036851,0.049319,-0.051272,1.000400,0.137054,0.429435,-0.167481
23,-0.082399,-0.027161,-0.024186,0.050296,-0.050784,1.000400,0.160810,0.423952,-0.172769
24,-0.082399,0.033875,0.036851,0.050296,-0.048831,1.000158,0.158982,0.433089,-0.160429
25,-0.082399,-0.027161,-0.085222,0.050784,-0.050296,1.000400,0.157155,0.431262,-0.162192
26,-0.021363,0.033875,0.036851,0.051028,-0.050296,0.999192,0.138881,0.431262,-0.165718
27,0.039673,-0.027161,0.097887,0.050784,-0.049075,1.003301,0.151673,0.440399,-0.160429
28,-0.082399,-0.027161,0.036851,0.052005,-0.051028,0.999917,0.149845,0.434917,-0.158666
29,-0.021363,-0.027161,-0.024186,0.050540,-0.050540,1.002092,0.149845,0.434917,-0.158666
30,-0.082399,-0.027161,0.036851,0.050051,-0.048831,1.002576,0.146190,0.445881,-0.169244
31,-0.021363,-0.027161,0.097887,0.049075,-0.050296,1.002817,0.146190,0.431262,-0.151614
32,-0.143435,-0.027161,-0.024186,0.050540,-0.050784,0.999675,0.162637,0.447708,-0.163955
33,-0.021363,-0.027161,-0.024186,0.049319,-0.049807,0.999917,0.151673,0.433089,-0.153377
34,-0.021363,-0.088197,-0.024186,0.051028,-0.050051,1.001367,0.138881,0.434917,-0.155140
35,-0.021363,-0.027161,-0.024186,0.051760,-0.049319,1.002092,0.149845,0.442226,-0.183347
36,-0.021363,-0.027161,-0.024186,0.050784,-0.049319,1.002092,0.149845,0.427607,-0.151614
37,-0.021363,0.033875,-0.024186,0.050784,-0.049075,1.003301,0.149845,0.434917,-0.158666
38,-0.021363,-0.027161,-0.024186,0.051760,-0.049319,0.999192,0.138881,0.427607,-0.155140
39,-0.082399,-0.027161,0.036851,0.050540,-0.049319,1.000883,0.140708,0.433089,-0.160429
40,-0.082399,0.033875,0.097887,0.051516,-0.050296,1.001609,0.140708,0.433089,-0.160429
41,-0.143435,-0.149233,0.036851,0.049807,-0.048831,1.003059,0.144363,0.425780,-0.163955
42,-0.082399,-0.027161,0.097887,0.050540,-0.048831,1.001850,0.135226,0.442226,-0.172769
44,-0.082399,0.033875,0.036851,0.050051,-0.052005,1.000642,0.144363,0.444054,-0.156903
45,0.039673,-0.027161,0.036851,0.051028,-0.050051,1.001367,0.162637,0.433089,-0.167481
46,-0.021363,-0.088197,0.097887,0.052005,-0.048342,1.000400,0.157155,0.434917,-0.162192
47,-0.082399,-0.027161,0.036851,0.050051,-0.047610,0.999917,0.142536,0.438571,-0.172769
48,-0.021363,-0.027161,-0.024186,0.049563,-0.049563,1.000883,0.148018,0.440399,-0.163955
49,-0.021363,-0.027161,-0.024186,0.050540,-0.049807,1.001850,0.155327,0.433089,-0.167481
50,-0.021363,-0.088197,0.097887,0.050784,-0.051028,0.998950,0.166292,0.440399,-0.171007
51,-0.082399,0.033875,-0.024186,0.051272,-0.050051,1.000883,0.140708,0.433089,-0.163955
52,-0.082399,-0.027161,0.036851,0.050784,-0.050051,1.001850,0.140708,0.433089,-0.163955
53,-0.082399,-0.088197,0.036851,0.050051,-0.049563,1.002817,0.153500,0.427607,-0.158666
54,-0.082399,-0.088197,-0.024186,0.051028,-0.049319,0.999675,0.157155,0.442226,-0.155140
55,-0.082399,-0.027161,0.036851,0.050051,-0.051760,1.002092,0.151673,0.425780,-0.149851
56,-0.082399,-0.027161,0.036851,0.050784,-0.051516,0.999192,0.158982,0.444054,-0.163955
57,-0.021363,-0.088197,0.036851,0.049807,-0.048831,1.001367,0.160810,0.427607,-0.165718
58,-0.082399,-0.027161,0.036851,0.049075,-0.050296,1.001125,0.155327,0.436744,-0.153377
59,0.039673,0.033875,-0.024186,0.050051,-0.050296,0.999433,0.162637,0.440399,-0.156903
60,-0.021363,-0.027161,-0.024186,0.050540,-0.050051,1.003542,0.151673,0.440399,-0.153377
61,-0.021363,-0.027161,-0.024186,0.051272,-0.049563,1.000642,0.162637,0.436744,-0.153377
62,-0.082399,-0.027161,0.036851,0.050784,-0.050784,1.001850,0.155327,0.444054,-0.160429
63,-0.143435,0.033875,0.036851,0.050784,-0.051028,1.001125,0.155327,0.444054,-0.160429
64,-0.082399,-0.088197,0.036851,0.051028,-0.050296,1.003059,0.157155,0.438571,-0.158666
65,-0.021363,-0.027161,0.097887,0.050784,-0.049319,1.001609,0.151673,0.425780,-0.171007
66,-0.082399,-0.088197,-0.024186,0.050540,-0.048831,1.002817,0.153500,0.438571,-0.165718
67,-0.021363,-0.027161,-0.024186,0.050296,-0.049807,1.000883,0.148018,0.433089,-0.167481
68,0.039673,-0.088197,0.036851,0.051028,-0.051272,1.004993,0.135226,0.442226,-0.165718
69,0.039673,-0.027161,0.036851,0.050296,-0.049807,1.002092,0.158982,0.433089,-0.163955
70,-0.021363,-0.027161,0.097887,0.048831,-0.049075,1.002334,0.146190,0.438571,-0.165718
71,-0.082399,-0.027161,0.036851,0.050296,-0.048831,1.003059,0.140708,0.429435,-0.156903
72,-0.082399,-0.027161,-0.024186,0.049563,-0.050540,1.002576,0.158982,0.418470,-0.163955
73,0.039673,0.033875,0.036851,0.050784,-0.048342,1.002817,0.144363,0.425780,-0.178058
74,-0.082399,-0.088197,0.036851,0.048831,-0.048586,1.001125,0.144363,0.425780,-0.178058
75,-0.021363,-0.088197,0.036851,0.049807,-0.050051,1.002817,0.144363,0.425780,-0.178058
76,-0.021363,-0.027161,0.036851,0.049563,-0.049563,1.000158,0.157155,0.438571,-0.162192
77,-0.082399,-0.088197,0.036851,0.050784,-0.048586,1.002334,0.148018,0.440399,-0.178058
78,-0.082399,-0.027161,0.036851,0.052005,-0.049563,1.002334,0.146190,0.442226,-0.176295
79,-0.021363,-0.027161,-0.024186,0.051760,-0.050784,1.000158,0.158982,0.436744,-0.167481
80,-0.021363,-0.027161,0.036851,0.051516,-0.050051,1.002092,0.155327,0.433089,-0.160429
81,-0.082399,-0.027161,-0.024186,0.051516,-0.048831,1.001367,0.158982,0.440399,-0.153377
82,-0.082399,-0.027161,-0.024186,0.051272,-0.049075,1.001609,0.146190,0.438571,-0.151614
83,-0.021363,-0.088197,0.036851,0.048342,-0.050540,1.000642,0.157155,0.420298,-0.179821
84,-0.021363,-0.027161,0.097887,0.050540,-0.048831,1.001125,0.146190,0.431262,-0.162192
85,-0.082399,0.033875,0.036851,0.052249,-0.049807,1.002334,0.148018,0.429435,-0.160429
86,-0.021363,0.033875,-0.024186,0.052249,-0.049807,1.001609,0.140708,0.433089,-0.160429
87,-0.082399,-0.088197,-0.024186,0.050784,-0.051028,1.000642,0.146190,0.442226,-0.155140
88,-0.021363,0.033875,0.036851,0.050051,-0.050296,1.002334,0.142536,0.431262,-0.151614
89,-0.021363,-0.027161,-0.024186,0.050540,-0.049807,1.000400,0.157155,0.438571,-0.165718
90,-0.021363,-0.088197,-0.024186,0.051760,-0.050296,1.002817,0.148018,0.433089,-0.171007
91,-0.143435,-0.149233,0.036851,0.051760,-0.049563,1.003542,0.148018,0.444054,-0.167481
92,-0.082399,-0.027161,0.036851,0.050540,-0.049563,1.001609,0.155327,0.425780,-0.171007
93,-0.082399,-0.088197,-0.024186,0.050540,-0.051272,1.000883,0.164464,0.442226,-0.172769
94,-0.143435,-0.088197,0.036851,0.050540,-0.049807,1.001125,0.149845,0.434917,-0.158666
95,-0.021363,-0.027161,-0.024186,0.050540,-0.050051,1.000883,0.158982,0.440399,-0.167481
96,-0.082399,0.033875,0.036851,0.051272,-0.050540,1.000883,0.142536,0.434917,-0.165718
97,-0.082399,-0.027161,0.097887,0.050051,-0.049807,0.999917,0.142536,0.434917,-0.165718
98,-0.082399,-0.027161,-0.024186,0.049807,-0.049563,1.002092,0.148018,0.433089,-0.163955
99,-0.021363,0.033875,0.036851,0.051272,-0.049807,1.001850,0.157155,0.434917,-0.165718
100,-0.082399,0.033875,0.036851,0.050051,-0.049807,1.001609,0.151673,0.433089,-0.156903
101,-0.021363,-0.027161,0.036851,0.049319,-0.049563,1.003059,0.149845,0.434917,-0.158666
102,-0.082399,-0.027161,-0.024186,0.050540,-0.049563,1.001125,0.155327,0.447708,-0.171007
103,-0.143435,-0.027161,-0.024186,0.050051,-0.049807,1.002576,0.166292,0.451363,-0.160429
104,-0.082399,-0.027161,0.036851,0.051272,-0.048586,1.001850,0.137054,0.451363,-0.156903
105,-0.082399,-0.027161,0.036851,0.049807,-0.049075,0.999917,0.146190,0.431262,-0.155140
106,-0.082399,-0.088197,0.036851,0.049563,-0.049319,1.003784,0.157155,0.434917,-0.158666
107,-0.082399,0.033875,0.036851,0.050784,-0.051028,1.001609,0.148018,0.440399,-0.174532
108,-0.082399,-0.027161,0.036851,0.050051,-0.050051,1.001367,0.164464,0.445881,-0.158666
109,-0.082399,-0.027161,-0.024186,0.051272,-0.048831,0.998950,0.164464,0.445881,-0.158666
110,-0.021363,-0.027161,0.036851,0.051516,-0.050296,1.003059,0.164464,0.445881,-0.158666
111,-0.082399,-0.027161,0.036851,0.049563,-0.049807,1.004509,0.169946,0.451363,-0.163955
112,-0.082399,-0.027161,-0.024186,0.048831,-0.050296,1.001609,0.146190,0.449536,-0.172769
113,-0.021363,-0.027161,0.036851,0.049807,-0.049075,1.002092,0.166292,0.425780,-0.160429
114,-0.021363,0.033875,-0.024186,0.050051,-0.049319,1.002334,0.148018,0.433089,-0.163955
115,-0.021363,0.094911,-0.024186,0.050540,-0.050296,1.002334,0.157155,0.445881,-0.158666
116,-0.082399,-0.027161,-0.024186,0.050051,-0.049807,1.001609,0.166292,0.433089,-0.149851
117,-0.021363,0.033875,-0.024186,0.050540,-0.050051,1.002092,0.155327,0.444054,-0.149851
118,-0.082399,-0.027161,0.036851,0.050784,-0.048831,1.001609,0.138881,0.431262,-0.158666
119,-0.021363,-0.027161,-0.024186,0.050540,-0.051272,1.001367,0.148018,0.440399,-0.153377
120,-0.082399,-0.088197,0.036851,0.049563,-0.049563,1.000642,0.144363,0.436744,-0.153377
121,-0.082399,-0.027161,0.097887,0.050051,-0.049319,1.002092,0.155327,0.429435,-0.163955
122,-0.082399,-0.027161,0.036851,0.051272,-0.049075,1.001609,0.155327,0.429435,-0.163955
123,-0.021363,-0.088197,-0.085222,0.051272,-0.050540,1.000642,0.160810,0.442226,-0.169244
124,-0.082399,-0.149233,0.036851,0.051516,-0.050051,1.001125,0.155327,0.425780,-0.149851
125,-0.082399,-0.027161,0.097887,0.049807,-0.049319,1.001609,0.140708,0.436744,-0.174532
126,-0.021363,0.033875,-0.024186,0.050051,-0.049319,0.999675,0.155327,0.433089,-0.160429
127,-0.082399,-0.088197,0.036851,0.049075,-0.049563,1.000642,0.158982,0.433089,-0.156903
128,-0.082399,-0.027161,-0.024186,0.050296,-0.050540,1.000400,0.153500,0.442226,-0.162192
129,-0.021363,-0.027161,-0.085222,0.050296,-0.049563,1.002817,0.162637,0.455018,-0.171007
130,-0.143435,-0.027161,-0.024186,0.050296,-0.049319,1.001367,0.135226,0.431262,-0.148088
131,-0.082399,-0.088197,-0.024186,0.050784,-0.049807,1.001850,0.153500,0.445881,-0.155140
132,-0.021363,-0.027161,0.036851,0.050540,-0.049075,1.002334,0.155327,0.429435,-0.171007
133,-0.082399,-0.088197,-0.024186,0.051272,-0.051028,1.000883,0.149845,0.427607,-0.169244
134,-0.143435,-0.027161,0.036851,0.050296,-0.050296,0.999675,0.149845,0.427607,-0.169244
135,-0.021363,-0.088197,0.036851,0.049807,-0.050051,1.002092,0.157155,0.434917,-0.165718
136,-0.082399,-0.088197,0.036851,0.049075,-0.050296,1.001609,0.148018,0.429435,-0.160429
137,-0.082399,0.033875,0.036851,0.050051,-0.049807,1.001125,0.142536,0.434917,-0.155140
138,-0.082399,-0.027161,-0.024186,0.050540,-0.050051,1.002576,0.158982,0.436744,-0.163955
139,-0.082399,-0.088197,0.036851,0.048098,-0.050540,1.001609,0.146190,0.438571,-0.158666
140,-0.021363,0.033875,-0.024186,0.049075,-0.050540,0.998708,0.155327,0.436744,-0.160429
141,-0.082399,-0.027161,-0.085222,0.050051,-0.048342,1.000883,0.151673,0.436744,-0.160429
142,-0.082399,-0.027161,-0.024186,0.049807,-0.050051,1.000400,0.144363,0.436744,-0.163955
143,-0.082399,0.033875,-0.085222,0.050296,-0.050296,1.003542,0.168119,0.427607,-0.158666
144,-0.082399,-0.027161,-0.024186,0.051272,-0.050296,1.002334,0.138881,0.434917,-0.151614
145,-0.021363,-0.027161,0.097887,0.051272,-0.050296,0.999917,0.148018,0.425780,-0.171007
146,-0.021363,-0.027161,0.097887,0.050296,-0.050051,1.000642,0.148018,0.425780,-0.171007
147,-0.082399,0.033875,-0.024186,0.051760,-0.051272,1.002817,0.148018,0.422125,-0.160429
148,-0.082399,-0.027161,0.097887,0.051028,-0.049563,1.004026,0.144363,0.422125,-0.160429
149,-0.082399,-0.027161,0.097887,0.051760,-0.049807,1.001850,0.166292,0.429435,-0.163955
150,-0.082399,-0.088197,-0.024186,0.052005,-0.049075,1.001850,0.153500,0.427607,-0.158666
151,-0.082399,-0.149233,-0.024186,0.050296,-0.047610,1.003301,0.151673,0.444054,-0.160429
152,-0.082399,0.033875,0.036851,0.050051,-0.048831,1.000883,0.158982,0.425780,-0.167481
153,-0.143435,-0.027161,-0.024186,0.050051,-0.050540,1.000883,0.146190,0.431262,-0.162192
155,-0.143435,-0.027161,0.036851,0.050296,-0.049319,1.002576,0.148018,0.422125,-0.167481
156,-0.082399,-0.027161,-0.085222,0.050051,-0.050540,1.000400,0.155327,0.444054,-0.160429
157,-0.082399,-0.088197,0.036851,0.050784,-0.051028,1.002092,0.149845,0.431262,-0.169244
158,-0.082399,-0.088197,-0.024186,0.050784,-0.049807,1.002092,0.160810,0.445881,-0.162192
159,-0.082399,0.033875,-0.024186,0.051272,-0.048586,1.000400,0.160810,0.445881,-0.162192
160,-0.021363,-0.027161,0.036851,0.050051,-0.048831,1.001609,0.140708,0.422125,-0.163955
161,-0.082399,0.033875,0.036851,0.050296,-0.049563,1.000883,0.151673,0.440399,-0.174532
162,-0.082399,-0.027161,-0.024186,0.049807,-0.049807,1.000400,0.146190,0.445881,-0.158666
163,-0.082399,-0.027161,0.036851,0.050051,-0.049807,1.002576,0.149845,0.427607,-0.162192
164,-0.021363,0.033875,0.036851,0.050051,-0.050540,1.003784,0.144363,0.433089,-0.174532
165,-0.082399,0.033875,0.097887,0.049563,-0.048831,1.002334,0.164464,0.423952,-0.162192
166,-0.204471,0.033875,-0.024186,0.048342,-0.048831,1.000158,0.157155,0.442226,-0.158666
167,-0.143435,0.033875,-0.024186,0.049319,-0.048831,0.999917,0.151673,0.436744,-0.167481
168,-0.021363,-0.027161,-0.024186,0.049807,-0.049319,1.002576,0.138881,0.434917,-0.162192
169,-0.082399,-0.027161,0.036851,0.049563,-0.049075,1.004267,0.162637,0.425780,-0.156903
170,-0.082399,-0.027161,-0.024186,0.051028,-0.050540,1.001367,0.151673,0.440399,-0.163955
171,-0.082399,-0.088197,-0.024186,0.050051,-0.048586,1.002576,0.151673,0.440399,-0.163955
172,-0.021363,-0.027161,0.036851,0.051028,-0.049807,1.001367,0.140708,0.447708,-0.163955
173,-0.143435,0.033875,0.036851,0.049563,-0.049075,0.999917,0.155327,0.451363,-0.156903
174,-0.021363,-0.027161,-0.024186,0.050296,-0.049807,1.002092,0.144363,0.425780,-0.167481
175,-0.082399,0.094911,-0.024186,0.049807,-0.049563,1.001850,0.142536,0.438571,-0.158666
176,-0.082399,-0.027161,0.036851,0.049563,-0.050051,1.001850,0.157155,0.431262,-0.172769
177,-0.021363,-0.027161,0.036851,0.049319,-0.049807,0.999192,0.162637,0.425780,-0.167481
178,-0.082399,0.094911,-0.024186,0.051272,-0.050784,1.001609,0.144363,0.440399,-0.163955
179,-0.082399,0.033875,-0.024186,0.051516,-0.050540,1.002092,0.153500,0.442226,-0.155140
180,-0.021363,-0.027161,-0.024186,0.052005,-0.050540,0.999192,0.168119,0.438571,-0.172769
181,-0.021363,-0.027161,-0.085222,0.051028,-0.049807,1.005718,0.166292,0.429435,-0.156903
182,-0.082399,-0.027161,-0.085222,0.051028,-0.049807,1.002817,0.155327,0.429435,-0.153377
183,-0.082399,0.033875,0.036851,0.049319,-0.048586,1.003301,0.155327,0.429435,-0.153377
184,-0.021363,-0.088197,-0.024186,0.050540,-0.049075,1.002576,0.157155,0.431262,-0.165718
185,0.039673,-0.027161,0.036851,0.051272,-0.050540,1.002334,0.162637,0.425780,-0.163955
186,-0.082399,-0.027161,-0.024186,0.050051,-0.049319,1.003301,0.160810,0.445881,-0.165718
187,-0.021363,-0.027161,0.036851,0.050296,-0.049319,1.003059,0.148018,0.422125,-0.149851
188,-0.143435,-0.027161,0.036851,0.049075,-0.050296,0.999433,0.157155,0.438571,-0.169244
189,-0.082399,-0.027161,0.097887,0.050296,-0.049319,1.002092,0.162637,0.436744,-0.149851
190,-0.082399,0.033875,-0.024186,0.050051,-0.049563,1.001125,0.148018,0.433089,-0.156903
191,-0.021363,-0.027161,-0.024186,0.049807,-0.050540,1.004026,0.142536,0.438571,-0.162192
192,-0.082399,0.033875,-0.024186,0.052249,-0.048586,1.001850,0.148018,0.440399,-0.160429
193,-0.082399,0.033875,-0.024186,0.050784,-0.050296,0.999675,0.160810,0.427607,-0.176295
194,-0.021363,-0.027161,0.036851,0.049563,-0.049319,1.004026,0.153500,0.445881,-0.151614
195,-0.021363,0.094911,-0.024186,0.050540,-0.049563,1.001367,0.153500,0.427607,-0.172769
196,-0.021363,-0.027161,-0.024186,0.050296,-0.048342,1.000883,0.149845,0.438571,-0.172769
197,0.222782,-0.088197,0.036851,0.052005,-0.050784,0.996533,0.162637,0.447708,-0.160429
198,1.016251,-0.088197,0.097887,0.050784,-0.047610,1.008377,0.146190,0.431262,-0.151614
199,-0.509651,-0.027161,-0.024186,0.049807,-0.047122,1.008135,0.142536,0.420298,-0.162192
200,-0.936904,0.094911,0.036851,0.050784,-0.050296,1.000642,0.157155,0.420298,-0.155140
201,-0.082399,-0.088197,-0.024186,0.050540,-0.049075,0.999675,0.148018,0.444054,-0.163955
202,-0.143435,-0.027161,0.036851,0.050540,-0.051028,1.000883,0.157155,0.442226,-0.155140
203,-0.082399,-0.027161,-0.024186,0.050784,-0.050296,1.001125,0.155327,0.444054,-0.156903
204,-0.021363,-0.088197,-0.024186,0.052493,-0.049319,1.002576,0.151673,0.444054,-0.167481
205,-0.082399,-0.027161,0.036851,0.050784,-0.048098,1.004026,0.169946,0.433089,-0.160429
206,-0.143435,0.094911,-0.085222,0.050296,-0.050540,1.001850,0.133399,0.438571,-0.162192
207,-0.021363,-0.027161,-0.024186,0.051516,-0.050051,1.000642,0.133399,0.425780,-0.153377
208,0.039673,-0.027161,-0.024186,0.051516,-0.049563,1.002817,0.149845,0.445881,-0.165718
209,-0.204471,0.033875,0.036851,0.048098,-0.047610,1.009585,0.149845,0.453190,-0.158666
210,-0.509651,-0.027161,0.097887,0.051028,-0.050540,1.002092,0.137054,0.440399,-0.160429
211,-0.631724,0.033875,-1.122835,0.044436,-0.029054,0.998950,0.155327,0.433089,-0.171007
212,-0.753796,-0.027161,-3.075990,0.070072,-0.017579,1.000642,0.164464,0.431262,-0.151614
213,0.527962,0.216983,-11.682078,0.101812,0.119879,1.003059,0.151673,0.440399,-0.156903
214,-0.997940,1.315633,-15.039062,0.049807,-0.108404,1.035932,0.137054,0.433089,-0.156903
215,-0.448615,0.278019,-2.953918,-0.031984,-0.237073,0.990248,0.149845,0.427607,-0.165718
216,0.039673,-0.088197,0.219959,0.043703,-0.062991,1.001850,0.144363,0.433089,-0.160429
217,-0.082399,-0.088197,0.525139,0.047610,-0.044924,1.004993,0.153500,0.431262,-0.151614
218,-0.265507,-0.149233,0.097887,0.050784,-0.049807,1.004751,0.158982,0.429435,-0.171007
219,0.039673,-0.210269,-0.817655,0.065189,0.014405,1.002817,0.158982,0.429435,-0.171007
220,1.626612,-0.271306,-4.662928,0.028078,-0.048342,1.001125,0.155327,0.429435,-0.160429
221,11.941710,-3.933470,-6.310902,0.026857,-0.066165,1.012727,0.142536,0.442226,-0.169244
222,11.026169,-3.323110,-9.850995,0.038820,-0.070072,0.997741,0.157155,0.427607,-0.155140
223,5.471885,-1.553063,-5.761578,0.027101,-0.037600,0.999917,0.164464,0.431262,-0.162192
224,-2.584878,0.644236,5.285954,0.104253,-0.074711,1.004267,0.155327,0.444054,-0.160429
225,-5.453574,1.620813,2.539330,0.079594,-0.043215,0.998466,0.151673,0.440399,-0.171007
226,-12.533760,3.940184,-3.014954,0.109136,-0.017091,1.003301,0.144363,0.440399,-0.167481
227,12.368963,-1.614099,-35.608223,0.060550,-0.045168,1.025296,0.140708,0.447708,-0.156903
228,64.127563,-9.365682,-69.910507,0.167001,0.044192,1.021429,0.135226,0.445881,-0.169244
229,44.107727,3.696040,-79.737312,0.121100,0.002442,1.253472,0.160810,0.449536,-0.169244
230,22.439917,48.618599,-71.741585,-0.221203,-0.095708,1.223016,0.144363,0.444054,-0.174532
231,28.787670,84.446777,-52.454182,-0.288101,0.027345,1.203196,0.144363,0.444054,-0.174532
232,43.192188,105.015938,-33.166782,-0.279067,0.134040,1.108203,0.140708,0.433089,-0.153377
233,61.503014,111.058517,-19.738840,-0.432639,0.149422,1.102644,0.160810,0.438571,-0.158666
234,61.808193,112.584412,-13.940413,-0.617219,0.031496,1.101677,0.162637,0.436744,-0.160429
235,41.788353,105.992516,-3.869459,-0.697545,-0.084721,1.107237,0.160810,0.445881,-0.141036
236,38.614479,89.878990,3.943160,-0.583037,-0.077885,1.055269,0.168119,0.427607,-0.148088
237,27.261768,60.459599,-7.958876,-0.526638,0.075687,1.027230,0.162637,0.425780,-0.135747
238,10.049591,24.265200,-42.932552,-0.634065,0.096440,0.978163,0.169946,0.422125,-0.121644
239,2.725261,-8.999466,-84.376053,-0.673374,-0.138435,1.059136,0.171774,0.423952,-0.133985
240,-23.398182,-19.985960,-98.475395,-0.414328,-0.098150,1.076297,0.151673,0.436744,-0.128696
241,-25.534445,-18.337988,-95.850838,-0.258314,0.036867,0.947707,0.162637,0.451363,-0.132222
242,-5.453574,-11.685054,-77.906227,-0.321550,0.037355,0.940939,0.157155,0.449536,-0.130459
243,5.288777,6.320592,-49.890667,-0.292739,-0.004639,1.114971,0.157155,0.449536,-0.130459
244,-3.012131,33.847866,-26.391773,-0.348162,-0.018067,1.186276,0.160810,0.475119,-0.133985
245,-8.322270,52.646980,-13.207980,-0.360614,0.052737,1.222049,0.160810,0.467810,-0.133985
246,-12.411688,57.651939,-5.029145,-0.275893,0.112310,1.142285,0.138881,0.460500,-0.119881
247,-8.322270,46.665443,1.623789,-0.387471,0.166024,1.097326,0.153500,0.453190,-0.123407
248,-11.740291,31.528494,-3.259098,-0.443138,0.143318,1.145185,0.155327,0.469637,-0.111066
249,-25.168230,23.410696,-11.437933,-0.356219,0.161629,1.162588,0.148018,0.469637,-0.104014
250,-27.426565,18.588844,-16.076675,-0.363300,0.154793,1.026021,0.171774,0.478774,-0.112829
251,-23.520254,16.574654,-11.437933,-0.244886,0.167001,0.997016,0.164464,0.467810,-0.126933
252,-12.228580,16.452581,-11.621042,-0.240002,0.132087,0.999192,0.160810,0.464155,-0.095200
253,-11.068893,18.649881,-24.499657,-0.261976,0.161385,0.922086,0.153500,0.464155,-0.116355
254,-14.792094,16.452581,-37.622414,-0.225353,0.224865,0.902749,0.153500,0.464155,-0.116355
255,-9.420920,6.259555,-34.387501,-0.199473,0.248792,0.829510,0.153500,0.464155,-0.116355
256,1.443503,-7.961853,-22.485464,-0.197032,0.212413,0.795912,0.138881,0.486083,-0.098725
257,6.387426,-16.506905,-2.404593,-0.083012,0.155525,0.735001,0.153500,0.486083,-0.109303
258,11.575494,-18.826275,11.816814,0.047366,0.152351,0.690768,0.162637,0.476946,-0.100488
259,6.570534,-17.544518,8.459830,0.136726,0.163094,0.646293,0.135226,0.489738,-0.095200
260,5.838102,-22.976728,-13.696268,0.083989,0.129401,0.539698,0.138881,0.475119,-0.123407
261,14.016936,-36.282597,-33.471962,-0.012696,0.038332,0.520119,0.148018,0.462327,-0.104014
262,14.139009,-46.292511,-28.833218,0.084965,-0.016358,0.613903,0.149845,0.478774,-0.105777
263,-1.669337,-48.184631,-16.381857,0.162850,0.026124,0.655961,0.137054,0.484256,-0.111066
264,-9.420920,-50.320896,-23.767223,0.051760,0.112066,0.578855,0.137054,0.487911,-0.107540
265,-3.073167,-53.250626,-37.134125,-0.050051,0.129645,0.559277,0.133399,0.491565,-0.111066
266,9.378195,-51.663689,-24.560692,0.049807,0.052981,0.582964,0.133399,0.487911,-0.114592
267,15.115586,-45.376972,-1.428015,0.110357,0.039064,0.641458,0.115125,0.487911,-0.118118
268,12.491035,-36.221558,18.164568,0.169686,-0.041262,0.654994,0.115125,0.487911,-0.118118
269,11.758602,-32.376286,33.850842,0.043948,-0.054446,0.656686,0.127917,0.489738,-0.130459
270,13.772792,-32.010071,28.235521,-0.045412,0.092778,0.722674,0.135226,0.489738,-0.123407
271,9.744411,-28.225832,4.431448,0.112310,0.026857,0.742736,0.126089,0.476946,-0.132222
272,-2.829022,-28.347904,-9.484779,0.025636,-0.017579,0.739835,0.109643,0.482429,-0.126933
273,-3.500419,-39.273361,-21.691996,-0.070560,0.001709,0.658137,0.113298,0.482429,-0.141036
274,-6.613260,-42.935528,-24.865871,0.110601,-0.112066,0.764490,0.129744,0.473292,-0.132222
275,-0.509651,-32.559395,-13.574197,0.208751,-0.081303,0.837245,0.122435,0.491565,-0.139273
276,10.843060,-22.000153,-5.456397,0.096440,0.017579,0.898881,0.116952,0.489738,-0.137510
277,4.983596,-13.882353,-0.024186,-0.061282,0.016847,1.006926,0.126089,0.484256,-0.149851
278,11.209277,-8.511177,11.633707,-0.111822,-0.052249,1.036898,0.116952,0.489738,-0.144562
279,16.214235,-9.304646,28.418629,-0.146248,-0.117682,1.033273,0.115125,0.484256,-0.142799
280,12.002746,-7.961853,21.826733,-0.174081,-0.086430,1.161863,0.116952,0.482429,-0.141036
281,14.200046,-3.567254,-7.409552,-0.226330,-0.022218,1.267733,0.120607,0.489738,-0.155140
282,16.641487,0.522164,-38.721062,-0.199473,0.009278,1.259757,0.109643,0.482429,-0.155140
283,12.674143,1.559777,-60.083691,-0.130622,0.053470,1.317284,0.113298,0.478774,-0.151614
284,4.434271,-0.027161,-62.403069,-0.083012,0.051028,1.288520,0.116952,0.475119,-0.151614
285,1.260395,-7.595636,-26.330738,-0.104009,0.005127,1.259757,0.100506,0.487911,-0.160429
286,-10.092317,-9.365682,10.535057,-0.308609,-0.108404,1.274017,0.113298,0.482429,-0.165718
287,-4.843213,2.292210,11.450599,-0.399434,-0.023195,1.393181,0.102333,0.482429,-0.155140
288,7.730220,21.396505,-12.048294,-0.309830,0.117193,1.322360,0.111470,0.480601,-0.160429
289,12.552071,34.336155,-20.471273,-0.155037,0.058108,1.232443,0.109643,0.493393,-0.158666
290,10.537880,36.899670,-27.307314,-0.042483,0.083012,1.140109,0.116952,0.497048,-0.155140
291,-21.017776,6.686808,-26.208666,-0.071293,0.123053,1.420736,0.109643,0.475119,-0.165718
292,-18.820477,-129.240555,-6.616083,-0.121100,0.006592,0.918702,0.126089,0.495220,-0.163955
293,-20.956739,-107.145493,-29.870832,0.083989,-0.065677,1.126573,0.126089,0.495220,-0.163955
294,-43.173874,-76.017090,-49.036163,0.039309,0.043948,1.211173,0.126089,0.495220,-0.163955
295,-38.046844,-103.605400,-54.590443,-0.068851,0.042971,1.087900,0.085887,0.502530,-0.153377
296,-79.368271,10.287937,-33.471962,0.135749,-0.012452,1.055510,0.102333,0.504357,-0.162192
297,-10.092317,0.949416,4.858701,0.093022,0.044436,1.043666,0.093196,0.502530,-0.146325
298,-3.073167,-0.210269,19.812542,-0.004151,-0.004151,1.011035,0.102333,0.500702,-0.148088
299,1.931792,-0.698558,25.427862,-0.002930,-0.012940,1.016353,0.089542,0.509839,-0.135747
300,3.152514,-0.576486,20.911192,0.030763,-0.042238,1.018770,0.093196,0.495220,-0.135747
301,3.701838,-0.210269,8.459830,0.104009,-0.039553,0.994357,0.093196,0.502530,-0.125170
302,3.152514,0.216983,-8.447165,0.206553,-0.022706,1.000400,0.104161,0.498875,-0.132222
303,8.462653,0.644236,-12.536583,0.222179,0.038576,1.089833,0.096851,0.502530,-0.142799
304,-4.293889,0.216983,-1.366979,0.034181,-0.023683,1.014419,0.109643,0.511667,-0.141036
305,-1.425193,0.033875,-0.085222,0.035158,-0.033693,0.996291,0.089542,0.513494,-0.132222
306,-0.570687,-0.088197,-0.024186,0.035158,-0.031007,0.998708,0.089542,0.513494,-0.132222
307,-0.326543,-0.088197,-0.085222,0.035890,-0.031740,1.000883,0.085887,0.491565,-0.156903
308,-0.448615,-0.088197,-0.146258,0.033937,-0.031007,1.002334,0.091369,0.489738,-0.151614
309,-0.387579,-0.027161,-0.024186,0.034181,-0.031984,1.000883,0.096851,0.528113,-0.142799
310,-0.265507,-0.027161,-0.085222,0.034426,-0.032228,1.001125,0.093196,0.513494,-0.149851
311,-0.204471,-0.027161,-0.085222,0.034426,-0.032717,1.004267,0.098679,0.515321,-0.148088
312,-0.143435,-0.149233,0.036851,0.036623,-0.032472,1.001367,0.100506,0.513494,-0.142799
313,-0.265507,0.033875,-0.024186,0.036867,-0.030763,1.002334,0.095024,0.504357,-0.144562
314,-0.204471,-0.088197,-0.024186,0.033937,-0.032228,1.002092,0.095024,0.504357,-0.148088
315,-0.143435,-0.027161,-0.024186,0.034181,-0.032717,1.002817,0.107815,0.509839,-0.149851
316,-0.204471,-0.088197,-0.024186,0.034426,-0.033449,1.004267,0.096851,0.509839,-0.153377
317,-0.143435,-0.027161,-0.024186,0.035646,-0.032717,1.001609,0.096851,0.513494,-0.153377
318,-0.204471,-0.027161,-0.024186,0.035158,-0.034181,1.004267,0.096851,0.513494,-0.153377
319,-0.143435,-0.088197,-0.024186,0.034670,-0.033937,1.002576,0.100506,0.513494,-0.139273
320,-0.082399,0.033875,0.036851,0.035402,-0.031740,1.003059,0.095024,0.511667,-0.144562
321,-0.082399,-0.088197,-0.024186,0.035158,-0.032472,1.003301,0.093196,0.509839,-0.149851
322,-0.204471,0.033875,-0.085222,0.034914,-0.033693,1.004026,0.080405,0.508012,-0.148088
323,-0.143435,-0.027161,-0.024186,0.035158,-0.034426,1.003059,0.093196,0.506185,-0.132222
324,-0.143435,0.033875,-0.024186,0.036379,-0.032717,1.002576,0.098679,0.493393,-0.148088
325,-0.082399,-0.027161,-0.024186,0.035646,-0.032472,1.002576,0.087714,0.515321,-0.158666
326,-0.021363,-0.088197,-0.146258,0.035646,-0.032961,1.002092,0.095024,0.508012,-0.144562
327,-0.082399,-0.088197,-0.024186,0.035402,-0.033449,1.000642,0.091369,0.500702,-0.165718
328,-0.143435,-0.027161,-0.024186,0.035402,-0.032717,1.001367,0.093196,0.513494,-0.142799
329,-0.082399,-0.027161,-0.024186,0.035402,-0.032961,1.001850,0.091369,0.511667,-0.148088
330,-0.204471,0.033875,-0.024186,0.035402,-0.033205,1.000158,0.091369,0.511667,-0.148088
331,-0.143435,0.033875,-0.024186,0.034181,-0.033449,1.002334,0.093196,0.506185,-0.149851
332,-0.082399,-0.027161,-0.085222,0.035158,-0.032961,1.003784,0.095024,0.500702,-0.151614
333,-0.143435,-0.027161,-0.085222,0.034914,-0.033449,1.002576,0.093196,0.509839,-0.142799
334,-0.082399,-0.088197,-0.024186,0.035890,-0.032228,1.004267,0.093196,0.506185,-0.153377
335,-0.082399,-0.027161,-0.024186,0.034914,-0.032717,0.999675,0.085887,0.506185,-0.167481
336,-0.082399,-0.088197,-0.024186,0.034181,-0.032717,1.002092,0.085887,0.517149,-0.139273
337,-0.082399,-0.088197,0.036851,0.033205,-0.032472,0.999917,0.087714,0.493393,-0.148088
338,-0.082399,-0.027161,-0.024186,0.034181,-0.033205,1.003059,0.107815,0.506185,-0.146325
339,-0.082399,-0.088197,0.036851,0.035402,-0.033205,1.002092,0.109643,0.504357,-0.148088
340,-0.143435,-0.027161,-0.024186,0.036135,-0.033937,1.002092,0.091369,0.504357,-0.155140
341,-0.143435,-0.027161,-0.024186,0.034914,-0.033937,0.999433,0.098679,0.489738,-0.137510
342,-0.143435,-0.027161,-0.085222,0.035402,-0.033693,1.001609,0.098679,0.489738,-0.137510
343,-0.143435,-0.027161,-0.085222,0.035402,-0.031007,1.001609,0.096851,0.509839,-0.153377
344,-0.082399,-0.027161,-0.024186,0.036135,-0.033205,1.002576,0.091369,0.504357,-0.155140
345,-0.021363,0.033875,-0.024186,0.035646,-0.032961,0.999917,0.100506,0.520804,-0.142799
346,-0.082399,-0.027161,-0.024186,0.035890,-0.032228,1.002334,0.102333,0.504357,-0.144562
347,-0.082399,0.033875,-0.085222,0.035646,-0.033693,1.003784,0.100506,0.513494,-0.139273
348,-0.082399,-0.027161,-0.024186,0.035646,-0.032961,1.002817,0.093196,0.509839,-0.149851
349,-0.143435,0.033875,-0.024186,0.034670,-0.034670,0.998708,0.100506,0.502530,-0.142799
350,-0.082399,-0.027161,-0.024186,0.035646,-0.034426,1.000642,0.095024,0.504357,-0.144562
351,-0.082399,-0.027161,-0.085222,0.034426,-0.032961,1.002576,0.098679,0.511667,-0.151614
352,0.039673,-0.027161,-0.146258,0.036379,-0.032717,1.000158,0.084060,0.500702,-0.141036
353,-0.082399,-0.088197,0.036851,0.034426,-0.033937,0.999192,0.084060,0.500702,-0.141036
354,-0.082399,-0.088197,-0.024186,0.034914,-0.032472,1.002576,0.095024,0.489738,-0.144562
355,-0.143435,0.033875,-0.085222,0.035890,-0.031984,1.004026,0.095024,0.518976,-0.148088
356,-0.143435,-0.027161,-0.024186,0.035890,-0.032961,1.000883,0.095024,0.500702,-0.141036
357,-0.021363,-0.027161,-0.024186,0.035158,-0.032717,1.000158,0.096851,0.517149,-0.156903
358,-0.021363,-0.088197,-0.024186,0.035402,-0.032961,0.999192,0.104161,0.502530,-0.156903
359,-0.082399,-0.027161,-0.085222,0.035402,-0.033205,0.999433,0.093196,0.506185,-0.139273
360,-0.143435,-0.027161,-0.085222,0.033205,-0.033693,1.002576,0.095024,0.493393,-0.158666
361,-0.143435,-0.027161,-0.024186,0.035158,-0.034670,0.998225,0.089542,0.502530,-0.142799
362,-0.143435,-0.027161,-0.024186,0.035158,-0.033205,1.001367,0.091369,0.508012,-0.141036
363,-0.143435,-0.088197,-0.146258,0.036623,-0.033205,1.001125,0.095024,0.508012,-0.155140
364,-0.143435,-0.027161,-0.024186,0.035158,-0.033449,1.001609,0.087714,0.518976,-0.169244
365,-0.082399,-0.088197,-0.085222,0.034426,-0.031984,1.001125,0.087714,0.518976,-0.169244
366,-0.082399,-0.027161,-0.024186,0.034914,-0.032961,1.002576,0.084060,0.511667,-0.151614
367,-0.082399,-0.027161,-0.024186,0.032717,-0.032961,0.999675,0.100506,0.495220,-0.153377
368,-0.143435,-0.027161,-0.024186,0.037844,-0.034670,1.002092,0.087714,0.511667,-0.155140
369,-0.021363,-0.088197,-0.024186,0.034426,-0.034426,1.002334,0.085887,0.509839,-0.146325
370,-0.021363,-0.027161,-0.024186,0.033449,-0.034914,1.001609,0.104161,0.506185,-0.139273
371,-0.082399,0.033875,0.036851,0.035890,-0.033205,0.999917,0.104161,0.513494,-0.135747
372,-0.082399,-0.027161,0.036851,0.034914,-0.032717,1.000642,0.096851,0.520804,-0.149851
373,-0.082399,-0.027161,-0.085222,0.033205,-0.034181,1.001850,0.082232,0.513494,-0.149851
374,-0.082399,0.033875,-0.024186,0.034670,-0.034914,1.000158,0.093196,0.509839,-0.142799
375,-0.021363,-0.027161,-0.024186,0.033937,-0.034670,0.999917,0.084060,0.504357,-0.144562
376,-0.082399,-0.088197,-0.146258,0.035158,-0.033937,1.001609,0.078577,0.513494,-0.146325
377,-0.082399,-0.149233,-0.024186,0.034181,-0.032472,1.002334,0.078577,0.513494,-0.146325
378,-0.021363,-0.027161,0.036851,0.035402,-0.033937,1.003784,0.078577,0.513494,-0.135747
379,-0.143435,-0.027161,0.036851,0.035890,-0.033205,1.002092,0.089542,0.506185,-0.153377
380,-0.082399,-0.088197,-0.024186,0.036135,-0.033449,1.001850,0.091369,0.486083,-0.137510
381,-0.082399,0.033875,-0.085222,0.037111,-0.034670,0.999192,0.107815,0.513494,-0.149851
382,-0.143435,-0.027161,-0.024186,0.034426,-0.034670,1.001850,0.098679,0.511667,-0.137510
383,-0.021363,-0.027161,0.036851,0.035402,-0.032961,1.001609,0.091369,0.489738,-0.158666
384,-0.082399,-0.088197,-0.085222,0.035890,-0.033693,1.003059,0.084060,0.511667,-0.141036
385,-0.082399,-0.027161,-0.085222,0.036867,-0.034914,1.001850,0.091369,0.511667,-0.162192
386,-0.082399,-0.088197,-0.146258,0.036379,-0.033693,1.002576,0.095024,0.515321,-0.141036
387,-0.143435,-0.027161,-0.024186,0.036135,-0.030763,1.001125,0.095024,0.515321,-0.141036
388,-0.082399,-0.088197,-0.024186,0.035158,-0.032472,1.006926,0.095024,0.515321,-0.141036
389,-0.082399,-0.027161,-0.085222,0.033937,-0.034181,1.002334,0.095024,0.515321,-0.141036
391,0.039673,-0.027161,-0.024186,0.035890,-0.033449,1.002334,0.098679,0.511667,-0.133985
392,-0.082399,0.033875,-0.085222,0.034914,-0.033937,1.005959,0.091369,0.526286,-0.155140
393,-0.021363,-0.027161,-0.024186,0.035402,-0.033937,1.001850,0.098679,0.493393,-0.151614
394,-0.021363,-0.088197,-0.024186,0.035158,-0.033205,1.002092,0.098679,0.518976,-0.151614
395,-0.082399,-0.088197,-0.024186,0.034670,-0.032961,1.002817,0.087714,0.508012,-0.137510
396,-0.143435,-0.088197,-0.146258,0.034426,-0.032717,0.999433,0.104161,0.506185,-0.149851
397,-0.143435,-0.027161,-0.024186,0.033693,-0.033449,1.003059,0.078577,0.509839,-0.128696
398,-0.082399,0.033875,-0.085222,0.034914,-0.033937,1.003301,0.093196,0.506185,-0.146325
399,-0.082399,-0.027161,-0.024186,0.035158,-0.032717,1.004509,0.093196,0.509839,-0.132222
400,-0.082399,-0.027161,-0.024186,0.034914,-0.032228,1.001609,0.093196,0.509839,-0.132222
401,-0.021363,-0.088197,-0.024186,0.034426,-0.031740,1.004267,0.085887,0.498875,-0.153377
402,-0.143435,-0.149233,-0.085222,0.035646,-0.033205,1.002576,0.084060,0.504357,-0.144562
403,-0.143435,-0.027161,-0.024186,0.035402,-0.033449,1.001125,0.096851,0.495220,-0.142799
404,-0.082399,-0.027161,-0.024186,0.034914,-0.034426,1.002334,0.093196,0.506185,-0.139273
405,-0.143435,-0.027161,-0.085222,0.034914,-0.033205,1.005476,0.089542,0.513494,-0.149851
406,-0.021363,-0.027161,-0.024186,0.035890,-0.032717,1.001125,0.084060,0.500702,-0.151614
407,0.039673,-0.088197,-0.085222,0.035890,-0.033449,1.003542,0.100506,0.517149,-0.142799
408,-0.082399,-0.027161,-0.085222,0.035402,-0.034914,1.000400,0.082232,0.517149,-0.146325
409,-0.143435,-0.027161,-0.146258,0.035890,-0.034670,1.003059,0.091369,0.504357,-0.137510
410,-0.021363,-0.027161,-0.085222,0.035402,-0.034670,1.003301,0.096851,0.513494,-0.144562
411,-0.082399,-0.088197,-0.085222,0.035158,-0.035158,1.002817,0.095024,0.500702,-0.155140
412,-0.143435,-0.027161,-0.024186,0.035890,-0.033449,1.000642,0.095024,0.500702,-0.155140
413,0.894179,-0.149233,-0.085222,0.036379,-0.036135,0.992907,0.087714,0.515321,-0.137510
414,-1.181048,-0.027161,-0.024186,0.034426,-0.043703,0.982513,0.104161,0.509839,-0.132222
415,-0.692760,0.094911,-0.085222,0.036623,-0.031740,1.005718,0.102333,0.518976,-0.148088
416,-0.265507,-0.027161,-0.146258,0.033937,-0.033693,1.001609,0.089542,0.513494,-0.142799
417,-0.082399,0.033875,-0.024186,0.035890,-0.032228,1.004026,0.085887,0.506185,-0.153377
418,1.504539,-0.271306,1.196536,0.042238,-0.070804,1.017803,0.085887,0.506185,-0.156903
419,-0.997940,-0.271306,21.033264,0.017335,-0.306412,0.999675,0.084060,0.509839,-0.156903
420,3.945983,-1.247883,49.964367,-0.040041,-0.217296,1.058169,0.087714,0.493393,-0.148088
421,2.114900,-0.210269,-4.846036,0.093511,0.320817,0.991698,0.091369,0.504357,-0.144562
422,1.260395,-0.393378,-12.048294,-0.004639,-0.065433,1.005959,0.087714,0.500702,-0.148088
423,-1.547265,0.094911,-20.410238,0.030031,-0.026124,1.004267,0.087714,0.500702,-0.148088
424,-1.242084,-0.027161,-24.072403,0.072758,-0.022950,1.005959,0.085887,0.513494,-0.146325
425,0.039673,-0.210269,-35.852367,0.053225,-0.009278,0.999675,0.084060,0.518976,-0.133985
426,20.181581,-5.642481,-48.486835,0.020021,-0.030763,1.022637,0.095024,0.518976,-0.137510
427,56.375977,-4.726940,-46.411610,0.047366,-0.005616,1.045600,0.074923,0.517149,-0.146325
428,64.798958,7.846494,-24.743799,0.105718,0.008057,1.342664,0.091369,0.504357,-0.162192
429,45.572594,70.347443,-19.738840,-0.062991,0.084233,1.285378,0.084060,0.508012,-0.148088
430,48.197144,112.340271,-8.630274,-0.176279,0.090092,1.231960,0.071268,0.506185,-0.160429
431,58.512241,127.599289,8.215686,-0.236584,0.056644,1.131649,0.078577,0.495220,-0.149851
432,63.273056,130.773163,5.469062,-0.308609,0.058597,1.148328,0.080405,0.482429,-0.158666
433,48.929577,116.795906,-32.556419,-0.270766,0.224133,1.260482,0.089542,0.498875,-0.153377
434,26.834515,79.441818,-62.097881,-0.311051,0.231945,1.137934,0.091369,0.493393,-0.158666
435,13.894865,30.002592,-49.707558,-0.402853,0.117438,1.127299,0.091369,0.493393,-0.158666
436,12.918287,-10.464332,-26.696955,-0.450951,-0.001953,1.140109,0.098679,0.500702,-0.155140
437,15.115586,-25.357138,-18.151903,-0.426780,-0.018311,1.188210,0.095024,0.515321,-0.155140
438,4.190127,-19.436636,-28.100784,-0.389424,0.075687,1.079440,0.087714,0.482429,-0.169244
439,5.227741,-9.121537,-35.974438,-0.387715,0.110113,1.037865,0.080405,0.500702,-0.158666
440,10.476844,7.419241,-40.308002,-0.379658,0.069584,1.040041,0.078577,0.498875,-0.160429
441,8.401617,21.396505,-39.453495,-0.337420,0.024904,1.102886,0.082232,0.509839,-0.160429
442,-6.552224,23.837948,-38.049667,-0.331072,0.165536,1.075089,0.100506,0.513494,-0.146325
443,-11.068893,10.348973,-30.359119,-0.363300,0.174081,1.045117,0.073095,0.497048,-0.169244
444,-12.899977,-3.506218,-30.847408,-0.383564,0.098882,1.052852,0.082232,0.509839,-0.156903
445,-14.486915,-7.839780,-48.853054,-0.341814,0.029543,1.088383,0.071268,0.509839,-0.163955
446,-26.938276,-2.956893,-60.144726,-0.293960,0.095464,1.066387,0.071268,0.509839,-0.163955
447,-20.102234,-6.802166,-52.515217,-0.322282,0.138435,1.009827,0.076750,0.511667,-0.165718
448,-8.566415,-11.318836,-48.059586,-0.393331,0.112799,1.059378,0.067613,0.502530,-0.156903
449,0.711070,-10.098115,-60.633018,-0.341814,0.032717,1.070255,0.067613,0.498875,-0.149851
450,-7.284657,-11.318836,-67.957352,-0.324724,0.070316,1.052126,0.069440,0.504357,-0.165718
451,-13.327229,-24.319523,-55.994278,-0.298111,0.047854,0.914592,0.051167,0.504357,-0.158666
452,-12.045471,-34.878765,-40.674217,-0.282729,0.006104,0.801230,0.042030,0.506185,-0.142799
453,-15.890744,-35.367054,-29.992905,-0.274672,0.007569,0.733792,0.052994,0.509839,-0.139273
454,-14.853131,-32.864574,-21.630960,-0.299087,0.001221,0.666596,0.056649,0.520804,-0.156903
455,-14.547951,-27.981688,-23.034788,-0.256117,0.009522,0.614145,0.049339,0.509839,-0.153377
456,-14.853131,-21.328754,-38.598991,-0.261000,0.058353,0.632757,0.040202,0.522631,-0.155140
457,-15.036240,-16.873119,-47.205078,-0.328386,0.038088,0.615112,0.040202,0.522631,-0.155140
458,-13.571373,-10.769512,-47.021969,-0.308609,0.021974,0.629615,0.034720,0.528113,-0.153377
459,-13.205157,-2.956893,-43.420841,-0.284438,0.018311,0.659103,0.032893,0.529940,-0.141036
460,-13.205157,5.038834,-32.251240,-0.221691,0.102056,0.723640,0.029238,0.526286,-0.165718
461,-7.589837,8.456854,-15.588387,-0.292984,0.181406,0.821292,0.014619,0.526286,-0.158666
462,-0.875868,9.494469,1.318608,-0.340838,0.121588,0.903957,0.031065,0.528113,-0.149851
463,-6.063935,7.297169,-4.846036,-0.362323,0.022706,0.951574,0.047512,0.522631,-0.158666
464,-12.167543,-2.529641,-28.528036,-0.340593,0.021241,0.852714,0.036548,0.522631,-0.155140
465,-12.777905,-13.394063,-31.885021,-0.214366,0.048098,0.731375,0.032893,0.515321,-0.151614
466,0.711070,-13.699244,-7.714732,-0.026857,0.099370,0.593116,0.034720,0.513494,-0.149851
467,10.720988,-5.398336,14.258258,0.044436,0.107671,0.540665,0.018274,0.508012,-0.148088
468,16.763561,-1.186847,15.051727,0.001709,0.069095,0.511659,0.018274,0.508012,-0.148088
469,16.153200,-6.680095,-17.541542,0.028322,0.043948,0.519878,0.027411,0.524458,-0.163955
470,13.589684,-15.713434,-59.351257,0.041994,0.057132,0.505617,0.010964,0.526286,-0.162192
471,15.909056,-23.037766,-73.633698,0.079106,0.099859,0.507067,0.020101,0.517149,-0.142799
472,21.829556,-22.732584,-53.247654,0.143806,0.114264,0.523020,0.029238,0.537250,-0.148088
473,23.904783,-17.056229,-45.251923,0.207774,0.111334,0.585381,0.014619,0.511667,-0.151614
474,23.782711,-16.628977,-49.158234,0.201182,0.077641,0.596017,0.009137,0.531768,-0.160429
475,23.965818,-29.690699,-44.519489,0.067875,0.021241,0.654027,-0.009137,0.517149,-0.174532
476,21.341267,-35.244980,-33.349888,0.102788,-0.013428,0.742010,0.000000,0.504357,-0.165718
477,5.410849,-23.648127,-36.828945,0.257337,0.084477,0.803405,-0.007310,0.515321,-0.165718
478,7.241932,-28.469976,-42.505302,0.140632,0.080082,0.821775,-0.001827,0.517149,-0.156903
479,14.077972,-36.404671,-47.266113,0.150154,0.036623,0.922811,-0.018274,0.508012,-0.162192
480,11.819638,-26.394751,-69.910507,0.267592,0.065433,1.084516,-0.018274,0.508012,-0.162192
481,9.378195,-15.896543,-76.014114,0.185800,0.104009,1.093459,-0.025583,0.515321,-0.172769
482,13.223468,-19.314564,-52.271072,0.091069,0.092046,1.133825,-0.023756,0.513494,-0.167481
483,7.241932,-12.112306,-28.955290,0.214611,0.089360,1.210206,-0.016446,0.506185,-0.174532
484,2.542153,-2.163424,-33.349888,0.326677,0.116461,1.185551,-0.025583,0.526286,-0.176295
485,5.288777,-6.985275,-26.880062,0.253919,0.033449,1.236069,-0.020101,0.513494,-0.167481
486,7.486076,-12.539558,-9.484779,0.168954,-0.020021,1.293354,-0.032893,0.508012,-0.172769
487,-1.608301,-1.553063,-7.775768,0.336199,0.064701,1.348465,-0.036548,0.518976,-0.183347
488,-0.204471,-0.149233,-3.259098,0.245130,0.141609,1.372394,-0.043857,0.522631,-0.162192
489,1.016251,-10.647440,21.948805,0.031252,0.142585,1.416386,-0.034720,0.509839,-0.167481
490,-4.904250,-14.492714,41.968639,0.025148,0.189707,1.401641,-0.021929,0.508012,-0.169244
491,-8.688486,-2.651713,57.532841,0.175302,0.260023,1.313175,-0.021929,0.508012,-0.169244
492,1.321431,4.306401,69.984200,0.006348,0.182138,1.229301,-0.023756,0.517149,-0.185110
493,-0.692760,16.147400,58.448380,-0.033205,-0.024171,1.274017,-0.007310,0.515321,-0.169244
494,-59.714649,36.960705,3.027619,0.154061,-0.177011,1.094909,-0.007310,0.511667,-0.183347
495,-15.402455,37.937286,-39.819714,0.140144,-0.054934,1.073639,-0.003655,0.497048,-0.190399
496,8.828870,9.494469,-31.396734,-0.063724,-0.112555,1.135759,-0.010964,0.478774,-0.200977
497,4.129091,-9.609826,-13.757305,-0.048098,-0.069095,1.182167,-0.012792,0.473292,-0.188636
498,-5.758754,-19.802853,4.614557,-0.067386,0.005616,1.078473,-0.010964,0.475119,-0.179821
499,-5.636683,-34.024258,27.136873,-0.183847,-0.001709,1.039557,0.000000,0.471464,-0.183347
500,-3.378347,-30.789349,27.930342,-0.163827,-0.013917,1.041974,0.001827,0.484256,-0.192162
501,-5.697719,-13.333028,17.249027,-0.063968,0.023439,1.008377,-0.012792,0.473292,-0.206266
502,0.100710,-5.764553,16.577629,-0.088872,0.039797,0.951816,-0.012792,0.473292,-0.206266
503,12.185854,-3.323110,16.882811,-0.130866,-0.022462,0.985897,-0.025583,0.471464,-0.208029
504,-16.928358,-12.905775,2.051041,-0.013428,0.082768,1.210931,0.001827,0.465982,-0.192162
505,-29.379721,-56.729683,8.826046,0.020753,0.080082,0.924986,-0.007310,0.486083,-0.197451
506,-17.538719,-58.499729,22.620201,-0.020753,-0.084721,0.982755,-0.014619,0.482429,-0.200977
507,-53.855186,7.968565,21.460516,-0.268568,-0.173105,1.206097,-0.005482,0.476946,-0.188636
508,-57.456318,9.738612,3.271763,-0.018800,-0.098150,1.044150,-0.010964,0.497048,-0.183347
509,-13.327229,1.803921,2.539330,0.026124,-0.092534,1.004026,-0.007310,0.504357,-0.169244
510,-4.538033,-0.149233,1.318608,0.015626,-0.101812,1.010068,-0.007310,0.493393,-0.197451
511,-1.242084,0.094911,-1.122835,-0.015382,-0.141609,0.986139,-0.003655,0.475119,-0.193925
512,1.016251,0.827344,-9.606851,0.092290,-0.030763,1.008860,-0.005482,0.476946,-0.192162
513,-2.890059,0.522164,-5.029145,0.057132,-0.018556,1.022879,-0.005482,0.476946,-0.192162
514,-8.810559,-1.308919,-12.048294,0.171151,-0.007325,1.009102,-0.016446,0.495220,-0.192162
515,-5.514610,3.207751,-24.194475,-0.101568,-0.114996,0.977437,-0.003655,0.482429,-0.186873
516,-1.058976,0.216983,-5.334325,-0.021730,-0.103277,1.012244,-0.009137,0.476946,-0.192162
517,-0.570687,-0.088197,-0.390402,0.034914,-0.081059,0.994357,-0.010964,0.486083,-0.183347
518,-0.143435,-0.027161,-0.085222,0.036135,-0.076176,0.999433,-0.012792,0.495220,-0.185110
519,-0.265507,-0.027161,0.036851,0.036379,-0.075443,1.001125,0.014619,0.508012,-0.204503
520,-0.265507,-0.027161,-0.024186,0.036623,-0.076664,1.002334,-0.014619,0.475119,-0.190399
521,-0.265507,-0.088197,0.036851,0.037600,-0.075443,1.000400,-0.003655,0.489738,-0.197451
522,-0.204471,-0.027161,0.036851,0.034670,-0.076420,1.001850,-0.016446,0.487911,-0.199214
523,-0.143435,-0.027161,0.036851,0.035402,-0.075443,1.001609,-0.005482,0.495220,-0.178058
524,-0.143435,-0.027161,0.036851,0.035646,-0.075932,1.001125,-0.005482,0.495220,-0.178058
525,-0.265507,-0.088197,0.036851,0.036867,-0.076908,1.002092,-0.005482,0.506185,-0.192162
526,-0.143435,-0.088197,-0.024186,0.036135,-0.075687,1.000158,-0.009137,0.491565,-0.178058
527,-0.143435,-0.027161,0.097887,0.037111,-0.076908,1.000400,-0.010964,0.500702,-0.197451
528,-0.082399,-0.027161,0.036851,0.036135,-0.076420,1.002817,-0.014619,0.489738,-0.193925
529,-0.082399,-0.027161,-0.024186,0.036379,-0.076420,1.000883,-0.003655,0.493393,-0.172769
530,-0.143435,-0.027161,0.036851,0.036623,-0.075687,1.000642,-0.023756,0.495220,-0.178058
531,-0.143435,-0.027161,-0.085222,0.035158,-0.077152,1.001609,-0.001827,0.495220,-0.181584
532,-0.143435,0.033875,-0.024186,0.037111,-0.075932,1.001609,-0.012792,0.480601,-0.185110
533,-0.143435,0.033875,0.036851,0.035402,-0.076420,1.003301,-0.016446,0.491565,-0.188636
534,-0.143435,-0.088197,-0.024186,0.036623,-0.076176,1.001609,-0.005482,0.487911,-0.192162
535,-0.082399,-0.027161,-0.024186,0.035646,-0.076176,1.002334,-0.005482,0.487911,-0.192162
536,-0.143435,-0.027161,0.036851,0.035890,-0.075932,1.001609,-0.005482,0.495220,-0.188636
537,-0.143435,0.033875,0.036851,0.036135,-0.075199,1.002817,-0.023756,0.491565,-0.195688
538,-0.143435,0.033875,0.036851,0.037844,-0.075443,0.999917,-0.010964,0.504357,-0.186873
539,-0.204471,-0.027161,0.036851,0.036379,-0.077885,1.001367,-0.009137,0.495220,-0.185110
540,-0.143435,-0.027161,0.036851,0.037844,-0.076420,1.000642,-0.009137,0.491565,-0.199214
541,-0.143435,0.033875,0.036851,0.036867,-0.075199,1.000883,-0.007310,0.478774,-0.186873
542,-0.143435,-0.027161,0.036851,0.037355,-0.077397,0.999917,-0.016446,0.495220,-0.185110
543,-0.143435,0.033875,-0.085222,0.036379,-0.075687,0.999433,0.000000,0.493393,-0.176295
544,-0.143435,-0.088197,0.036851,0.036867,-0.075443,1.000642,-0.012792,0.498875,-0.181584
545,-0.021363,0.033875,0.097887,0.037355,-0.076420,1.001125,-0.009137,0.480601,-0.195688
546,-0.143435,-0.027161,-0.024186,0.036623,-0.076420,1.002576,-0.010964,0.489738,-0.183347
547,-0.082399,-0.088197,0.036851,0.037111,-0.076664,1.003784,-0.009137,0.498875,-0.188636
548,-0.143435,-0.027161,0.036851,0.036623,-0.075687,0.998950,-0.003655,0.478774,-0.197451
549,-0.143435,0.033875,-0.024186,0.036623,-0.077397,1.003059,-0.009137,0.506185,-0.185110
550,-0.143435,-0.027161,0.036851,0.035890,-0.076176,1.001125,-0.007310,0.497048,-0.186873
551,-0.082399,0.033875,0.036851,0.037111,-0.077397,1.001609,-0.010964,0.489738,-0.193925
552,-0.082399,0.033875,-0.024186,0.037600,-0.076908,1.000400,-0.025583,0.486083,-0.183347
553,-0.082399,-0.027161,-0.024186,0.037111,-0.076664,1.003059,-0.010964,0.493393,-0.193925
554,-0.143435,-0.027161,0.036851,0.036379,-0.075687,0.999433,-0.001827,0.480601,-0.174532
555,-0.204471,-0.027161,0.036851,0.035646,-0.076664,0.999433,-0.009137,0.495220,-0.171007
556,-0.143435,-0.027161,0.036851,0.036623,-0.076664,0.999917,-0.001827,0.491565,-0.192162
557,-0.082399,0.033875,0.036851,0.037600,-0.075932,1.000400,0.001827,0.484256,-0.181584
558,-0.082399,-0.027161,0.036851,0.035402,-0.075687,0.999675,0.001827,0.484256,-0.181584
559,-0.082399,0.033875,-0.024186,0.037355,-0.076908,0.999675,0.001827,0.484256,-0.181584
560,-0.082399,-0.027161,0.036851,0.035402,-0.076664,1.000400,-0.007310,0.497048,-0.190399
561,-0.143435,-0.027161,0.036851,0.036623,-0.077397,0.999917,-0.016446,0.473292,-0.181584
562,-0.082399,0.033875,-0.024186,0.035158,-0.076664,0.999433,-0.016446,0.480601,-0.185110
563,-0.082399,0.033875,0.097887,0.036379,-0.076664,0.998466,-0.009137,0.495220,-0.185110
564,-0.143435,-0.088197,-0.024186,0.036867,-0.076176,1.001367,-0.003655,0.504357,-0.197451
565,-0.143435,0.033875,-0.024186,0.037844,-0.075687,1.000642,-0.014619,0.504357,-0.176295
566,-0.143435,0.033875,-0.024186,0.037844,-0.075932,0.997983,-0.005482,0.495220,-0.174532
567,-0.082399,0.033875,-0.024186,0.036623,-0.076176,0.999675,-0.025583,0.504357,-0.179821
568,-0.143435,0.033875,-0.024186,0.037600,-0.076420,0.998950,-0.003655,0.493393,-0.179821
569,-0.082399,-0.027161,-0.024186,0.037600,-0.077152,1.000642,-0.010964,0.493393,-0.193925
570,-0.082399,0.033875,-0.024186,0.035890,-0.076176,1.001609,-0.010964,0.493393,-0.193925
571,-0.143435,-0.027161,0.036851,0.036379,-0.075687,1.001850,-0.010964,0.493393,-0.193925
572,-0.082399,-0.027161,-0.024186,0.036867,-0.077152,0.999917,-0.001827,0.484256,-0.195688
573,-0.082399,-0.027161,0.036851,0.036379,-0.076664,0.999433,-0.009137,0.498875,-0.188636
574,-0.082399,-0.088197,0.036851,0.036623,-0.076664,1.000400,-0.010964,0.489738,-0.204503
575,-0.082399,0.033875,-0.024186,0.036135,-0.076664,1.000883,-0.005482,0.495220,-0.185110
576,-0.082399,0.033875,0.036851,0.037111,-0.075199,1.001850,0.003655,0.497048,-0.172769
577,-0.021363,-0.027161,-0.024186,0.035646,-0.078373,1.001125,-0.005482,0.498875,-0.178058
578,-0.082399,0.033875,-0.085222,0.036623,-0.076420,1.001125,-0.012792,0.484256,-0.178058
579,-0.082399,0.033875,0.036851,0.037111,-0.076420,1.001367,-0.005482,0.491565,-0.192162
580,-0.082399,-0.027161,-0.024186,0.036379,-0.077641,1.002092,-0.018274,0.475119,-0.197451
581,-0.204471,-0.027161,0.036851,0.036135,-0.077885,1.000400,-0.003655,0.508012,-0.183347
582,-0.082399,-0.027161,-0.024186,0.036135,-0.076176,1.001125,-0.014619,0.508012,-0.183347
583,-0.021363,-0.027161,0.036851,0.034670,-0.077885,1.001609,-0.014619,0.508012,-0.183347
584,-0.082399,-0.027161,-0.024186,0.035158,-0.077397,1.002092,-0.021929,0.489738,-0.190399
585,-0.082399,0.033875,0.036851,0.036135,-0.076664,1.001367,-0.007310,0.482429,-0.193925
586,-0.021363,-0.027161,-0.024186,0.035402,-0.076908,0.999917,-0.003655,0.489738,-0.186873
587,-0.082399,-0.088197,-0.024186,0.035402,-0.077885,1.000400,0.001827,0.469637,-0.188636
588,-0.204471,0.033875,0.036851,0.036135,-0.075687,1.002334,0.000000,0.493393,-0.193925
589,-0.082399,-0.027161,0.036851,0.035158,-0.076420,1.000400,-0.009137,0.509839,-0.195688
590,-0.082399,-0.088197,0.097887,0.036867,-0.076176,1.003542,-0.001827,0.502530,-0.185110
591,-0.082399,-0.027161,0.036851,0.035646,-0.077152,1.001850,-0.016446,0.480601,-0.195688
592,-0.021363,-0.027161,-0.024186,0.036135,-0.077641,1.002334,-0.001827,0.487911,-0.185110
593,-0.143435,0.033875,-0.024186,0.037355,-0.078129,1.000158,-0.010964,0.489738,-0.183347
594,-0.814832,0.033875,-0.024186,0.035890,-0.074223,1.005234,0.007310,0.489738,-0.186873
595,-4.599069,0.094911,0.464103,0.038820,-0.076908,1.013453,-0.010964,0.497048,-0.186873
596,-10.458533,0.094911,0.647211,0.037355,-0.064212,1.026505,-0.010964,0.482429,-0.183347
597,-11.618218,-0.088197,0.525139,0.034426,-0.112799,0.956892,-0.010964,0.486083,-0.183347
598,16.031126,0.033875,-0.390402,0.029543,-0.085454,0.999433,0.000000,0.493393,-0.179821
599,9.683375,0.644236,-15.039062,-0.044192,0.160653,1.028197,-0.016446,0.487911,-0.185110
600,0.955215,2.292210,-47.754406,0.015626,0.087651,1.026263,0.000000,0.482429,-0.179821
601,-1.608301,2.475318,-48.669945,0.068607,-0.266859,0.998950,-0.005482,0.495220,-0.195688
602,1.565575,1.315633,-24.865871,0.099859,-0.223156,0.986623,-0.014619,0.486083,-0.183347
603,0.772106,0.155947,-2.953918,0.052005,-0.098638,1.002092,-0.010964,0.471464,-0.183347
604,0.405890,0.094911,-0.268330,0.036135,-0.081059,0.998950,-0.012792,0.498875,-0.192162
605,-0.692760,-0.027161,0.036851,0.035646,-0.074711,1.006443,-0.020101,0.480601,-0.188636
606,-4.049744,-0.088197,-4.235675,-0.018800,0.021241,0.999675,-0.020101,0.480601,-0.188636
607,-1.181048,0.705272,-12.353475,-0.034914,-0.099126,0.977679,-0.023756,0.473292,-0.188636
608,1.077287,-0.088197,2.844510,0.052005,-0.114019,1.006201,-0.020101,0.487911,-0.192162
609,-3.378347,-0.637522,5.163882,0.035402,-0.078373,1.031339,-0.001827,0.484256,-0.199214
610,-1.486229,8.029602,5.346990,-0.001221,-0.052981,1.139384,-0.027411,0.484256,-0.192162
611,13.406576,46.238194,10.168840,-0.096196,-0.033937,1.171532,-0.014619,0.478774,-0.179821
612,15.542838,58.567478,8.703975,-0.193125,-0.005860,1.193044,-0.012792,0.491565,-0.172769
613,16.336308,70.042267,-3.930495,-0.255628,-0.029787,1.208030,-0.018274,0.471464,-0.176295
614,10.049591,87.742729,-10.644464,-0.281020,-0.089604,1.114004,-0.009137,0.465982,-0.188636
615,16.153200,88.231018,-27.795603,-0.233654,-0.026613,1.131408,-0.010964,0.471464,-0.190399
616,20.181581,76.939339,-51.599678,-0.257093,-0.039553,1.110862,-0.005482,0.473292,-0.192162
617,18.106356,58.201263,-66.370407,-0.302994,-0.022218,1.182892,-0.003655,0.482429,-0.179821
618,7.180895,38.608681,-62.769279,-0.249524,-0.046877,1.150986,-0.003655,0.482429,-0.179821
619,3.762875,17.856411,-47.144043,-0.301529,-0.072513,1.139384,-0.003655,0.486083,-0.190399
620,-0.509651,1.254597,-38.537956,-0.323259,-0.050540,1.116180,-0.005482,0.480601,-0.195688
621,-8.017090,-7.168384,-28.283892,-0.321061,-0.103277,1.100710,-0.012792,0.484256,-0.199214
622,-17.721827,-7.656672,-18.701227,-0.328630,-0.114752,1.108203,-0.018274,0.482429,-0.176295
623,-21.872280,-3.689326,-17.785686,-0.333025,-0.148445,1.024330,-0.020101,0.480601,-0.188636
624,-3.439383,-3.445182,-23.889296,-0.385274,-0.190439,0.944081,-0.014619,0.486083,-0.165718
625,9.866483,1.620813,-44.519489,-0.411886,-0.210216,1.031097,-0.025583,0.471464,-0.172769
626,14.688334,9.738612,-75.037529,-0.370380,-0.185556,1.026021,-0.036548,0.478774,-0.197451
627,9.683375,12.668344,-92.554886,-0.320085,-0.104253,1.155095,-0.023756,0.469637,-0.174532
628,-2.096590,8.639963,-80.652855,-0.341082,-0.157723,1.130683,-0.036548,0.478774,-0.186873
629,-8.505379,2.536355,-64.295181,-0.273696,-0.117193,1.060828,-0.036548,0.493393,-0.190399
630,2.175936,0.705272,-53.491795,-0.260267,-0.092778,1.041249,-0.036548,0.493393,-0.190399
631,3.640802,7.114061,-57.825359,-0.224133,-0.046877,1.092492,-0.040202,0.471464,-0.179821
632,-0.326543,10.165865,-66.431442,-0.238293,-0.060550,1.054785,-0.040202,0.478774,-0.169244
633,-1.608301,6.259555,-75.708931,-0.248304,-0.070804,1.047534,-0.051167,0.493393,-0.176295
634,-1.425193,-0.942702,-82.300827,-0.249524,-0.056888,1.062762,-0.054821,0.467810,-0.169244
635,-7.162585,-7.229419,-81.080101,-0.244397,-0.061282,1.039557,-0.062131,0.486083,-0.179821
636,-11.190967,-14.492714,-79.065918,-0.308121,-0.012696,1.004993,-0.073095,0.460500,-0.186873
637,-5.941863,-20.230104,-81.995651,-0.326188,0.007080,0.943840,-0.076750,0.471464,-0.162192
638,-3.622492,-20.046997,-85.291595,-0.228039,0.062015,0.907099,-0.084060,0.467810,-0.172769
639,-3.073167,-19.436636,-71.741585,-0.267103,0.032961,0.869876,-0.078577,0.473292,-0.181584
640,-2.218662,-16.751047,-56.970852,-0.346209,-0.002686,0.844496,-0.085887,0.465982,-0.153377
641,-1.242084,-10.281223,-50.195847,-0.270522,-0.003906,0.801230,-0.082232,0.473292,-0.167481
642,-4.293889,-3.933470,-44.702602,-0.222668,0.016602,0.781409,-0.082232,0.473292,-0.167481
643,0.222782,-5.215229,-43.603951,-0.290542,-0.037355,0.772708,-0.096851,0.473292,-0.167481
644,0.833143,-8.022888,-47.571293,-0.308609,-0.085942,0.776092,-0.102333,0.475119,-0.172769
645,-5.087358,-5.215229,-53.491795,-0.188486,-0.023195,0.776334,-0.098679,0.438571,-0.165718
646,-2.829022,-3.262074,-47.144043,-0.119147,0.036867,0.736693,-0.109643,0.464155,-0.162192
647,3.884947,-1.980316,-40.613182,-0.114508,0.016358,0.715422,-0.105988,0.453190,-0.172769
648,4.312200,0.766308,-49.219269,-0.086186,-0.017091,0.698986,-0.105988,0.449536,-0.158666
649,2.481117,4.062257,-65.882118,-0.027589,-0.007813,0.689801,-0.118780,0.455018,-0.167481
650,0.466926,5.099870,-64.600365,0.042238,0.028810,0.660312,-0.109643,0.442226,-0.172769
651,1.138323,4.428473,-46.411610,0.088872,0.084965,0.634932,-0.133399,0.447708,-0.156903
652,1.260395,4.611581,-34.692684,0.060550,0.112555,0.598192,-0.113298,0.420298,-0.179821
653,8.523689,2.353246,-40.124893,0.052737,0.093266,0.573054,-0.127917,0.438571,-0.165718
654,18.899824,-0.149233,-50.989315,0.085698,0.131843,0.562177,-0.127917,0.438571,-0.165718
655,21.707483,-6.252842,-54.407337,0.044192,0.117193,0.573538,-0.124262,0.434917,-0.169244
656,22.745096,-7.351491,-49.768593,0.100103,0.052493,0.652577,-0.124262,0.434917,-0.169244
657,17.251848,0.155947,-47.144043,0.221691,0.005371,0.709379,-0.124262,0.427607,-0.165718
658,18.350498,0.278019,-41.955978,0.183115,-0.040774,0.698986,-0.138881,0.434917,-0.155140
659,24.270998,-6.802166,-31.885021,0.116461,-0.076908,0.753371,-0.129744,0.414815,-0.174532
660,34.830242,-9.670862,-31.396734,0.097905,-0.111334,0.861899,-0.122435,0.433089,-0.174532
661,21.280231,-3.933470,-45.496067,0.116705,-0.017579,0.944806,-0.148018,0.418470,-0.163955
662,4.800488,-5.276264,-50.501030,0.147224,0.055911,0.827335,-0.127917,0.402024,-0.169244
663,4.495308,-14.187532,-42.139084,0.174814,0.109381,0.781409,-0.137054,0.418470,-0.171007
664,20.181581,-11.807125,-37.012054,0.350115,0.084965,0.854165,-0.133399,0.414815,-0.181584
665,28.421452,4.001220,-31.335695,0.449974,0.037111,1.017803,-0.148018,0.396542,-0.174532
666,21.951628,9.433433,-14.001449,0.281508,-0.008545,0.990490,-0.148018,0.396542,-0.174532
667,24.515144,-4.055542,-0.695583,0.161629,-0.013673,1.028680,-0.148018,0.385577,-0.174532
668,23.782711,-14.370641,0.830320,0.215099,-0.099370,1.082582,-0.138881,0.405679,-0.179821
669,12.246890,-16.201725,-9.728923,0.200450,-0.105230,1.113521,-0.137054,0.407506,-0.178058
670,15.420768,-21.084610,-25.476233,0.104986,-0.079594,1.081373,-0.151673,0.403851,-0.181584
671,17.740137,-20.657358,-30.664301,0.178476,-0.125495,1.128024,-0.153500,0.394714,-0.176295
672,15.237659,-8.755322,-31.762951,0.289566,-0.053470,1.179267,-0.144363,0.389232,-0.181584
673,13.467611,-0.515450,-35.791332,0.291275,-0.011231,1.179508,-0.158982,0.385577,-0.167481
674,8.767834,-2.407568,-26.941099,0.175302,-0.031496,1.217215,-0.169946,0.378268,-0.178058
675,3.884947,-8.755322,-6.249866,0.105474,-0.113775,1.186760,-0.144363,0.381923,-0.178058
676,12.124818,-8.938430,-2.221485,0.109625,-0.112799,1.217215,-0.153500,0.387405,-0.179821
677,-3.500419,-0.576486,-18.579155,0.129401,-0.028322,1.332028,-0.162637,0.370958,-0.171007
678,-1.547265,-2.102388,-26.452810,-0.036135,-0.023683,1.286587,-0.162637,0.370958,-0.171007
679,-1.852445,-9.609826,-21.081635,-0.162606,-0.065677,1.311725,-0.160810,0.372786,-0.183347
680,-12.655832,-1.492027,-8.141985,-0.035402,0.013184,1.270392,-0.166292,0.385577,-0.178058
681,-3.988708,11.447622,10.107805,0.017579,0.038820,1.169840,-0.157155,0.383750,-0.172769
682,18.045319,21.335468,20.667048,0.039309,-0.080815,1.128024,-0.166292,0.381923,-0.160429
683,20.608833,33.054398,9.619515,0.086430,-0.013917,1.180475,-0.164464,0.369131,-0.158666
684,-0.631724,35.984127,-11.560005,0.127936,0.018556,1.175883,-0.164464,0.369131,-0.169244
685,-10.580606,14.194246,-16.625999,-0.004395,-0.019532,1.044392,-0.160810,0.369131,-0.169244
686,-24.435795,-10.647440,-10.156176,-0.085942,-0.050540,1.074606,-0.155327,0.367304,-0.163955
687,-27.304493,-29.507589,-8.874418,-0.142585,-0.174814,1.159446,-0.164464,0.380095,-0.169244
688,-8.444343,-62.955364,-20.898525,-0.104253,-0.179697,1.031339,-0.177256,0.385577,-0.156903
689,6.265354,-50.809181,-19.738840,-0.051028,-0.158944,1.050918,-0.177256,0.385577,-0.156903
690,5.471885,-53.006481,-18.212938,0.037111,-0.123297,1.075089,-0.177256,0.385577,-0.156903
691,-44.272526,6.198520,-18.701227,0.176034,0.054446,1.128024,-0.191875,0.378268,-0.163955
692,-47.934689,9.189288,-9.057526,0.159432,-0.017823,1.021187,-0.180911,0.378268,-0.167481
693,-25.168230,3.451896,-0.756619,0.051760,-0.221203,0.953750,-0.193702,0.372786,-0.144562
694,-4.843213,0.094911,-0.024186,0.042727,-0.090825,1.005718,-0.175429,0.387405,-0.151614
695,-3.866636,-0.210269,-0.024186,0.041018,-0.091802,0.996049,-0.162637,0.385577,-0.174532
696,-1.913481,-0.088197,-0.268330,0.041018,-0.087407,1.004993,-0.191875,0.370958,-0.160429
697,-1.608301,-0.393378,0.097887,0.040041,-0.087651,1.006201,-0.182738,0.380095,-0.162192
698,-1.181048,-0.637522,1.501716,0.037844,-0.102544,0.997258,-0.191875,0.378268,-0.160429
699,8.523689,0.888380,0.403067,0.060306,-0.106451,0.952058,-0.177256,0.389232,-0.156903
700,1.382467,-0.027161,0.036851,0.041750,-0.087407,1.006443,-0.180911,0.385577,-0.160429
701,-0.082399,-0.088197,-0.024186,0.042238,-0.083989,1.013211,-0.180911,0.385577,-0.160429
702,-0.265507,-0.027161,-0.024186,0.042727,-0.090581,0.998466,-0.180911,0.385577,-0.160429
703,-0.082399,-0.027161,-0.024186,0.040774,-0.089604,1.000883,-0.186393,0.387405,-0.158666
704,-0.143435,-0.149233,-0.085222,0.041750,-0.089604,0.999675,-0.179083,0.387405,-0.165718
705,-0.143435,0.033875,-0.024186,0.040529,-0.089604,0.999675,-0.179083,0.391060,-0.158666
706,-0.082399,-0.027161,-0.085222,0.041018,-0.089360,1.000883,-0.182738,0.369131,-0.176295
707,-0.021363,0.033875,-0.024186,0.041994,-0.088628,1.002817,-0.199185,0.381923,-0.163955
708,-0.021363,-0.088197,-0.024186,0.041750,-0.090092,1.003059,-0.184565,0.381923,-0.167481
709,-0.143435,0.033875,0.036851,0.042483,-0.088872,1.001609,-0.180911,0.378268,-0.163955
710,-0.021363,-0.027161,-0.024186,0.042971,-0.088872,1.001367,-0.184565,0.385577,-0.163955
711,-0.082399,0.094911,-0.085222,0.041506,-0.090092,1.003301,-0.188220,0.389232,-0.156903
712,-0.082399,-0.027161,-0.085222,0.041994,-0.089848,1.000400,-0.186393,0.387405,-0.162192
713,-0.143435,-0.027161,-0.024186,0.042483,-0.088628,1.002334,-0.186393,0.372786,-0.162192
714,-0.143435,-0.027161,0.036851,0.042238,-0.090581,1.000400,-0.182738,0.391060,-0.158666
715,-0.143435,-0.088197,-0.085222,0.042971,-0.089604,0.997500,-0.175429,0.391060,-0.165718
716,-0.143435,-0.027161,-0.085222,0.042727,-0.088872,0.998950,-0.177256,0.370958,-0.163955
717,-0.204471,-0.088197,-0.024186,0.042483,-0.088628,1.001125,-0.169946,0.374613,-0.160429
718,-0.082399,-0.088197,0.036851,0.042971,-0.089360,1.000883,-0.180911,0.389232,-0.160429
719,-0.143435,-0.027161,-0.085222,0.042727,-0.090092,1.000400,-0.179083,0.383750,-0.165718
720,-0.082399,-0.088197,-0.024186,0.042483,-0.089360,0.999192,-0.171774,0.372786,-0.172769
721,-0.021363,0.033875,-0.024186,0.042483,-0.088872,1.001125,-0.184565,0.385577,-0.156903
722,-0.082399,-0.088197,-0.085222,0.041994,-0.091313,0.998225,-0.190048,0.372786,-0.162192
723,-0.082399,0.033875,0.036851,0.041262,-0.088139,1.001609,-0.188220,0.378268,-0.160429
724,-0.143435,-0.027161,-0.024186,0.043215,-0.090092,1.000642,-0.188220,0.378268,-0.160429
725,-0.143435,-0.088197,-0.085222,0.043215,-0.089848,0.999192,-0.168119,0.376440,-0.172769
726,-0.082399,-0.027161,-0.085222,0.043948,-0.089604,0.997016,-0.179083,0.383750,-0.162192
727,-0.082399,-0.027161,0.036851,0.042483,-0.089848,1.000642,-0.182738,0.380095,-0.155140
728,-0.082399,-0.149233,-0.024186,0.041750,-0.089848,1.000158,-0.175429,0.383750,-0.151614
729,-0.082399,-0.027161,-0.024186,0.042727,-0.090092,0.999917,-0.171774,0.372786,-0.162192
730,-0.082399,0.033875,-0.024186,0.042238,-0.088872,0.999192,-0.188220,0.378268,-0.156903
731,-0.143435,0.033875,-0.024186,0.042238,-0.089116,1.001367,-0.188220,0.392887,-0.167481
732,-0.082399,-0.027161,-0.024186,0.042727,-0.088628,0.999917,-0.177256,0.381923,-0.160429
733,-0.082399,-0.027161,-0.024186,0.043948,-0.089360,1.000642,-0.179083,0.380095,-0.158666
734,-0.082399,-0.027161,0.036851,0.043215,-0.089360,1.000642,-0.188220,0.381923,-0.149851
735,-0.021363,-0.027161,-0.085222,0.042238,-0.089116,1.000400,-0.188220,0.381923,-0.149851
736,-0.082399,0.033875,-0.024186,0.041750,-0.090337,1.000642,-0.171774,0.376440,-0.169244
737,-0.204471,-0.027161,-0.024186,0.042727,-0.089116,1.002817,-0.175429,0.391060,-0.158666
738,-0.021363,-0.027161,-0.024186,0.041262,-0.088383,1.001609,-0.164464,0.383750,-0.158666
739,-0.021363,-0.027161,-0.085222,0.041506,-0.089116,1.000158,-0.173601,0.381923,-0.160429
740,-0.021363,-0.088197,-0.024186,0.042971,-0.091313,1.002334,-0.171774,0.376440,-0.162192
741,-0.021363,0.033875,-0.024186,0.041262,-0.088872,0.999433,-0.182738,0.391060,-0.162192
742,-0.143435,-0.027161,-0.024186,0.042238,-0.088628,1.000642,-0.191875,0.378268,-0.160429
743,-0.082399,-0.027161,-0.024186,0.042483,-0.088628,1.001850,-0.180911,0.389232,-0.181584
744,-0.082399,0.033875,-0.085222,0.043948,-0.088628,1.000400,-0.182738,0.391060,-0.155140
745,-0.021363,-0.027161,-0.024186,0.041994,-0.088872,1.001367,-0.171774,0.372786,-0.162192
746,-0.082399,0.033875,-0.024186,0.041506,-0.089848,1.004026,-0.171774,0.372786,-0.162192
747,-0.143435,-0.027161,-0.024186,0.041750,-0.088872,1.000400,-0.171774,0.372786,-0.162192
748,-0.082399,-0.027161,-0.024186,0.041750,-0.088628,0.999917,-0.177256,0.370958,-0.163955
749,-0.143435,0.033875,-0.024186,0.042971,-0.089604,1.000883,-0.173601,0.381923,-0.160429
750,-0.082399,-0.027161,0.036851,0.041506,-0.088628,1.001367,-0.169946,0.367304,-0.163955
751,-0.143435,-0.088197,0.097887,0.042483,-0.088139,1.000400,-0.173601,0.374613,-0.167481
752,-0.082399,-0.027161,-0.024186,0.043703,-0.089116,0.999433,-0.177256,0.385577,-0.163955
753,-0.143435,-0.088197,-0.146258,0.041750,-0.089360,1.002817,-0.191875,0.378268,-0.160429
754,-0.082399,-0.088197,-0.085222,0.042727,-0.090825,1.001850,-0.175429,0.376440,-0.165718
755,-0.021363,-0.027161,-0.024186,0.042483,-0.088383,1.000400,-0.180911,0.385577,-0.160429
756,-0.082399,-0.027161,-0.146258,0.043459,-0.088872,0.998466,-0.180911,0.385577,-0.163955
757,-0.143435,-0.027161,-0.024186,0.043703,-0.089848,0.997500,-0.184565,0.374613,-0.160429
758,-0.082399,-0.027161,-0.024186,0.042971,-0.088628,0.999675,-0.180911,0.389232,-0.174532
759,-0.082399,-0.027161,0.036851,0.042483,-0.088872,0.999433,-0.175429,0.380095,-0.158666
760,-0.021363,-0.027161,0.036851,0.041750,-0.089360,0.998950,-0.182738,0.387405,-0.169244
761,-0.143435,-0.027161,0.036851,0.042727,-0.089848,0.998950,-0.184565,0.374613,-0.167481
762,-0.143435,-0.088197,0.036851,0.041262,-0.088628,0.999917,-0.179083,0.376440,-0.158666
763,220.074753,0.339055,1.501716,0.045168,0.008057,1.041008,-0.202839,0.378268,-0.156903
764,31.473255,0.155947,1.867933,0.040041,0.032228,1.054302,-0.188220,0.403851,-0.104014
765,9.561302,0.278019,1.135500,0.041750,-0.010987,1.003542,-0.197357,0.423952,-0.091674
766,7.791256,0.216983,1.196536,0.042971,-0.009278,1.005476,-0.182738,0.427607,-0.088148
767,6.814679,0.094911,1.562753,0.043703,-0.013428,0.991940,-0.186393,0.434917,-0.091674
768,-16.928358,0.705272,-0.817655,0.041994,0.003418,1.046084,-0.188220,0.414815,-0.096962
769,-6.247044,0.339055,-0.268330,0.042483,-0.014649,1.003784,-0.184565,0.436744,-0.096962
770,-5.758754,0.155947,-0.329366,0.043215,-0.022950,0.996533,-0.188220,0.436744,-0.118118
771,-2.767987,0.094911,-0.085222,0.041994,-0.021974,0.995324,-0.177256,0.400196,-0.107540
772,0.222782,0.216983,0.219959,0.043703,-0.018800,0.997983,-0.180911,0.418470,-0.111066
773,4.678416,0.339055,0.097887,0.041994,-0.023195,0.988556,-0.190048,0.423952,-0.105777
774,1.260395,0.278019,0.036851,0.040285,-0.005127,1.012244,-0.193702,0.423952,-0.116355
775,-1.242084,0.155947,0.097887,0.039553,-0.020021,1.001125,-0.188220,0.429435,-0.100488
776,-4.904250,0.033875,0.036851,0.043948,-0.005371,1.012002,-0.191875,0.418470,-0.121644
777,-6.063935,-0.332342,-1.305943,0.050051,0.014405,1.003301,-0.184565,0.414815,-0.118118
778,-0.570687,-1.553063,-16.015638,0.037844,-0.002197,1.004509,-0.195530,0.433089,-0.114592
779,12.491035,-4.299687,-20.166094,-0.088872,-0.036867,1.020704,-0.195530,0.429435,-0.125170
780,17.251848,7.114061,-28.222857,-0.079106,0.052005,1.182409,-0.195530,0.429435,-0.125170
781,-17.843901,55.454639,-21.753033,-0.069584,-0.082768,1.191110,-0.199185,0.425780,-0.118118
782,-30.234224,81.333939,13.586862,-0.141365,-0.143806,1.057927,-0.195530,0.414815,-0.125170
783,-6.491188,73.643394,34.949490,-0.152840,-0.038332,0.990248,-0.177256,0.418470,-0.128696
784,20.242619,66.135956,33.850842,-0.184580,-0.080571,0.902024,-0.184565,0.422125,-0.146325
785,50.760662,36.106201,20.544975,-0.221447,0.050540,1.045842,-0.169946,0.418470,-0.149851
786,46.121918,29.331196,-15.893567,-0.184336,0.141120,1.167423,-0.171774,0.423952,-0.155140
787,22.623024,35.801022,-50.073776,-0.226818,0.082280,1.151953,-0.168119,0.423952,-0.155140
788,8.645761,30.124666,-64.600365,-0.223156,0.076420,1.219632,-0.157155,0.409333,-0.151614
789,5.654993,19.565422,-51.111389,-0.300064,-0.018556,1.221808,-0.146190,0.416643,-0.162192
790,2.969405,6.015411,-32.129166,-0.368915,-0.031984,1.286103,-0.137054,0.403851,-0.153377
791,-5.148394,-3.323110,-12.414511,-0.367694,0.020997,1.286828,-0.137054,0.403851,-0.153377
792,-6.186007,-7.107347,-1.244907,-0.334490,0.057620,1.193528,-0.135226,0.402024,-0.158666
793,-2.218662,-8.144960,-12.658655,-0.359149,0.038088,1.144460,-0.149845,0.387405,-0.162192
794,0.222782,-2.468605,-39.392460,-0.401143,-0.014405,1.132133,-0.142536,0.402024,-0.151614
795,-0.265507,5.466086,-61.609596,-0.348895,-0.050784,1.108203,-0.151673,0.400196,-0.149851
796,-4.415961,11.447622,-61.975811,-0.288833,0.007569,1.081857,-0.162637,0.385577,-0.156903
797,1.565575,12.973525,-42.261158,-0.287612,-0.008790,1.002817,-0.155327,0.389232,-0.156903
798,6.387426,14.621499,-26.513847,-0.330339,0.018800,0.997016,-0.135226,0.383750,-0.151614
799,8.462653,16.574654,-28.589073,-0.342547,0.029298,0.961726,-0.158982,0.374613,-0.156903
800,5.227741,19.687494,-47.998547,-0.285171,0.034670,0.922327,-0.144363,0.374613,-0.149851
801,4.922560,19.504385,-66.553520,-0.359393,0.008301,0.906858,-0.158982,0.370958,-0.156903
802,-0.448615,17.062943,-73.572670,-0.399190,0.056888,0.901298,-0.158982,0.370958,-0.156903
803,-0.265507,13.034560,-70.276718,-0.410665,0.055911,0.885829,-0.158982,0.370958,-0.156903
804,1.809720,12.973525,-68.201492,-0.410665,0.040529,0.892113,-0.148018,0.359994,-0.149851
805,-0.143435,18.100555,-66.980766,-0.431663,0.049319,0.876644,-0.127917,0.358167,-0.155140
806,-3.988708,25.180742,-69.544281,-0.480493,0.052493,0.852714,-0.160810,0.347202,-0.155140
807,-3.805600,32.260925,-76.075142,-0.371357,0.088872,0.803405,-0.144363,0.356339,-0.149851
808,-0.631724,33.176468,-82.117722,-0.295669,0.158211,0.711797,-0.138881,0.358167,-0.137510
809,3.518730,23.776911,-78.089340,-0.359637,0.231945,0.714939,-0.127917,0.339893,-0.151614
810,6.265354,11.996947,-67.835274,-0.369404,0.176767,0.706237,-0.133399,0.327101,-0.160429
811,9.134050,7.358205,-68.445633,-0.281997,0.123297,0.697777,-0.146190,0.336238,-0.165718
813,7.364004,8.029602,-94.630119,-0.190928,0.197520,0.672156,-0.116952,0.321619,-0.162192
814,11.087205,3.573968,-87.427856,-0.140876,0.200205,0.632032,-0.135226,0.332583,-0.162192
815,15.359731,-2.590677,-81.019066,-0.078617,0.264418,0.616320,-0.111470,0.308827,-0.153377
816,23.782711,-8.083924,-80.347672,0.016358,0.253919,0.588765,-0.122435,0.294208,-0.153377
817,29.642174,-10.952620,-82.667046,0.042971,0.195322,0.667080,-0.116952,0.303345,-0.155140
818,24.026855,-8.816357,-86.329208,0.095708,0.138679,0.791803,-0.111470,0.301518,-0.132222
819,13.772792,-5.459373,-85.718849,0.138923,0.162118,0.762556,-0.115125,0.290554,-0.146325
820,14.871443,-11.257800,-71.192261,0.121100,0.162118,0.790353,-0.111470,0.294208,-0.149851
821,14.871443,-18.887312,-53.003510,0.060062,0.154061,0.858999,-0.115125,0.305173,-0.139273
822,17.007706,-17.788662,-44.580528,0.162850,0.114508,0.938280,-0.113298,0.285071,-0.137510
823,14.139009,-13.760280,-33.838177,0.235852,0.173837,0.962693,-0.096851,0.283244,-0.146325
824,16.702524,-20.962538,-28.039749,0.104742,0.149910,0.959067,-0.111470,0.261315,-0.146325
827,13.894865,-30.362097,-47.937511,0.183847,0.127448,1.060828,-0.109643,0.285071,-0.123407
828,17.007706,-40.921337,-36.584801,0.147468,0.063236,1.075089,-0.107815,0.261315,-0.128696
829,12.491035,-43.667961,-27.551460,0.171640,0.032472,1.127782,-0.100506,0.264970,-0.128696
830,14.016936,-36.221558,-18.212938,0.198985,-0.019288,1.101919,-0.120607,0.252179,-0.123407
831,17.618067,-28.531013,-8.386129,0.214366,-0.036379,1.135033,-0.126089,0.254006,-0.118118
832,-0.509651,-72.538033,-12.170366,0.240002,-0.189707,1.180233,-0.122435,0.259488,-0.126933
833,-26.938276,-171.111313,-40.918362,0.264174,-0.178964,1.091284,-0.129744,0.257661,-0.107540
834,-27.975889,-254.669693,-58.313648,0.329362,-0.231213,0.962210,-0.135226,0.252179,-0.102251
835,3.579766,-240.997620,-47.021969,0.412863,-0.300797,1.181684,-0.133399,0.239387,-0.086385
